,index,L,R,P_high,t1,t2,t3,t4,t5
0,0,1.82,0.46,9,0.25476001,0.28468621,0.3039721,0.31550216,0.3221033
1,2,9.29,0.25,15,0.20223764,0.21482616,0.23540781,0.25856087,0.27940776
2,1,7.21,0.4,7,0.19789088,0.19793153,0.19907834,0.20226813,0.20853465
3,224,2.95,0.37,10,0.23225521,0.26303814,0.28736597,0.30409649,0.31476903
4,406,3.82,0.25,6,0.19879292,0.20492489,0.21700908,0.2340969,0.25342765
5,428,8.85,0.33,18,0.20983521,0.23465659,0.26196709,0.28480062,0.30138861
6,422,9.66,0.39,9,0.19851171,0.19857379,0.19966103,0.20278476,0.20909324
7,470,2.77,0.23,17,0.27754845,0.30283329,0.31629822,0.32322,0.32669515
8,612,7.14,0.49,11,0.2007326,0.20892406,0.22440561,0.24466409,0.26550249
9,648,4.7,0.16,9,0.20402934,0.21853816,0.23952299,0.26193066,0.28172779
10,614,6.44,0.15,14,0.2112075,0.235172,0.26151288,0.2838721,0.30039495
11,814,5.08,0.38,12,0.21372756,0.23876903,0.26495916,0.28660348,0.30234607
12,649,9.22,0.39,10,0.19873502,0.19968588,0.20323222,0.21091186,0.22336117
13,12,3.39,0.27,17,0.26632778,0.29509599,0.31154309,0.3204771,0.32517839
14,34,1.26,0.2,15,0.30126437,0.31680106,0.32399811,0.32729299,0.32878741
15,212,3.76,0.13,13,0.23748898,0.26956704,0.29310845,0.30841907,0.31775167
16,218,2.4,0.45,13,0.26599681,0.29430628,0.31081491,0.31994203,0.3248258
17,848,2.64,0.42,11,0.24711783,0.27841094,0.29964773,0.31277371,0.32047401
18,474,7.07,0.2,12,0.20254864,0.21491027,0.23474253,0.25724102,0.27783547
19,30,5.05,0.37,14,0.22427955,0.25485601,0.28094419,0.2996537,0.31191363
20,458,2.85,0.42,14,0.26156129,0.29110133,0.30878003,0.31873617,0.32414277
21,78,1.33,0.25,10,0.27881396,0.302973,0.31608379,0.32296062,0.32648789
22,842,3.82,0.3,16,0.25389992,0.28533852,0.3050271,0.316468,0.32283654
23,24,8.87,0.17,20,0.21551802,0.24542408,0.2734301,0.29442858,0.30854482
24,256,9.53,0.12,19,0.2091634,0.23397453,0.26150116,0.28454485,0.30127107
25,248,4.37,0.24,14,0.23357421,0.26572699,0.2901622,0.30640552,0.31646647
26,226,1.19,0.36,15,0.30290241,0.31767528,0.32444525,0.32751513,0.32889541
27,58,4.02,0.25,14,0.23920915,0.27160324,0.29482582,0.30966901,0.31858916
28,62,2.67,0.21,19,0.2864957,0.30859724,0.31967609,0.32509361,0.3276961
29,618,4.41,0.3,17,0.24941301,0.28175907,0.30261061,0.31496694,0.32195193
30,232,4.85,0.46,16,0.23766999,0.27060574,0.29427621,0.30939412,0.31846385
31,616,5.96,0.33,20,0.24240169,0.2762758,0.29896718,0.31273186,0.32064853
32,38,6.69,0.34,7,0.19787298,0.19823364,0.20025255,0.20509762,0.21374847
33,878,8.68,0.17,16,0.20568635,0.22475085,0.2497244,0.27343519,0.29230326
34,828,4.33,0.41,19,0.26007084,0.29074919,0.30885903,0.31892192,0.3243148
35,14,5.73,0.24,5,0.19676499,0.19630949,0.19647243,0.19768165,0.20060567
36,414,4.51,0.49,9,0.20515776,0.22125219,0.24333464,0.26594186,0.28528335
37,876,2.76,0.43,14,0.26352649,0.29261145,0.3097783,0.3193467,0.32449805
38,636,5.75,0.37,5,0.19677043,0.19630957,0.19645663,0.19763013,0.20048974
39,39,3.12,0.46,19,0.27912891,0.30403145,0.31707165,0.32367985,0.32695471
40,617,8.1,0.16,11,0.19958493,0.20423237,0.21496422,0.23156394,0.2512431
41,446,6.7,0.22,12,0.20373044,0.21821551,0.23971684,0.26266528,0.28273357
42,246,4.77,0.36,7,0.19882813,0.20365432,0.21405547,0.2297915,0.24857354
43,656,7.27,0.46,10,0.19945475,0.20399625,0.21440021,0.2305537,0.24989614
44,832,5.26,0.22,20,0.25131384,0.28401245,0.30442687,0.3162269,0.32275663
45,448,8.41,0.29,18,0.21219698,0.23893036,0.2665079,0.28862436,0.30424
46,450,4.15,0.49,15,0.24287099,0.27540836,0.29782019,0.31174681,0.31992959
47,220,8.05,0.43,9,0.19855078,0.19962463,0.20340779,0.2113633,0.22401413
48,247,1.38,0.47,14,0.29533723,0.31348336,0.32223638,0.32638935,0.32833541
49,830,4.74,0.23,19,0.25406815,0.28605661,0.30574227,0.31701422,0.32320621
50,666,7.77,0.39,17,0.21292354,0.23964372,0.26700378,0.28891494,0.30439209
51,852,7.16,0.24,12,0.20230537,0.21417855,0.2335838,0.2559288,0.27661761
52,216,7.92,0.41,19,0.21879616,0.24967034,0.27717589,0.29722294,0.3104498
53,404,4.82,0.32,9,0.20340735,0.21695846,0.2372117,0.25942148,0.27945192
54,6,6.42,0.44,5,0.1969522,0.19637281,0.19616413,0.19649903,0.19776031
55,434,8.47,0.12,18,0.21185285,0.23832949,0.26588236,0.28810425,0.30385558
56,604,1.02,0.48,15,0.30687694,0.31973729,0.32547659,0.32801789,0.32913582
57,808,6.02,0.28,17,0.22801078,0.260531,0.28632486,0.3038645,0.31488914
58,280,3.93,0.14,12,0.22819019,0.25895305,0.28419642,0.30192158,0.31338098
59,815,4.26,0.44,17,0.25178077,0.28377781,0.30402712,0.31587161,0.32249714
60,678,3.52,0.18,20,0.27642064,0.30237101,0.31613128,0.32317197,0.32668941
61,244,4.96,0.3,6,0.19743153,0.19880053,0.20315989,0.21167631,0.22457559
62,646,1.85,0.22,8,0.2448159,0.27549744,0.29707297,0.31082537,0.31912205
63,843,9.46,0.15,15,0.20191616,0.21376393,0.23370767,0.25665529,0.2776653
64,257,5.93,0.2,5,0.19681967,0.19631651,0.19633752,0.19722262,0.19955205
65,640,8.24,0.15,12,0.20032534,0.20732584,0.22153738,0.24108713,0.26193678
66,8,3.21,0.41,9,0.219692,0.24693512,0.27264246,0.29264632,0.30664533
67,478,5.01,0.36,20,0.25471044,0.28677034,0.30629885,0.31739115,0.32344212
68,806,2.13,0.5,7,0.22632643,0.25526038,0.28011162,0.29835248,0.31062312
69,59,6.94,0.35,11,0.20111391,0.21024866,0.22677749,0.24764439,0.2684988
70,628,6.77,0.28,8,0.19834182,0.199804,0.20440079,0.21346665,0.22716841
71,670,2.05,0.13,11,0.26287041,0.29167679,0.30897748,0.31877005,0.32411914
72,52,2.77,0.41,20,0.2879234,0.30950106,0.32019769,0.32537865,0.32784617
73,622,1.66,0.48,19,0.30317498,0.31792566,0.32461541,0.32761698,0.32895215
74,662,1.76,0.16,18,0.29914801,0.31576299,0.3235057,0.32706497,0.3286838
75,822,6.4,0.12,13,0.20795286,0.22842481,0.25347442,0.27649235,0.29451207
76,442,9.89,0.47,13,0.19968745,0.20433099,0.21539221,0.23255873,0.25271555
77,54,6.31,0.4,16,0.22046691,0.2506005,0.27744062,0.29714571,0.31025455
78,80,2.38,0.1,11,0.25362747,0.28412636,0.30376681,0.31546826,0.3221356
79,812,6.13,0.2,13,0.20960862,0.23176688,0.25744368,0.28013988,0.29742437
80,260,9.54,0.18,5,0.19768454,0.19699057,0.1964968,0.19614378,0.19589933
81,610,9.71,0.14,11,0.19894961,0.20047526,0.20545415,0.21541155,0.23031665
82,459,9.26,0.45,20,0.21317014,0.24172304,0.26983685,0.29158291,0.30651867
83,674,2.17,0.42,11,0.25942115,0.28894398,0.30712847,0.31761626,0.32343503
84,451,9.02,0.43,5,0.19757612,0.19688951,0.19640869,0.19607488,0.19586726
85,402,7.21,0.35,15,0.20980039,0.23301411,0.2593623,0.28212599,0.29912613
86,802,9.72,0.22,5,0.19772121,0.19702501,0.19652728,0.19616897,0.19591566
87,270,1.56,0.49,20,0.30671739,0.31975295,0.32552354,0.32805658,0.32916075
88,602,5.66,0.45,5,0.19674603,0.19631051,0.1965323,0.19787285,0.20103151
89,879,5.32,0.21,10,0.20408606,0.21874389,0.24000829,0.26261423,0.2824533
90,860,1.96,0.27,14,0.28150193,0.30512259,0.31753653,0.32386184,0.32701765
91,31,1.56,0.27,11,0.27751704,0.30226022,0.31572379,0.32278963,0.32641113
92,18,8.22,0.44,14,0.20314203,0.21720307,0.23875681,0.26200971,0.28237999
93,55,8.89,0.41,8,0.19827455,0.19819032,0.19886145,0.20105657,0.20577765
94,230,8.87,0.11,12,0.19973162,0.2046959,0.21607604,0.23339048,0.25350127
95,447,6.12,0.34,15,0.21783106,0.24643278,0.27332814,0.29383115,0.30785639
96,824,2.21,0.14,18,0.29123204,0.31133676,0.32116296,0.32586875,0.32808871
97,282,2.68,0.23,13,0.2595433,0.28937773,0.30756832,0.31796121,0.32367506
98,877,3.44,0.13,11,0.2298827,0.26062818,0.28547928,0.30279171,0.3139302
99,484,7.23,0.24,17,0.21671049,0.24567482,0.27300964,0.29378077,0.30792487
100,872,6.5,0.4,20,0.23616322,0.27034692,0.29456809,0.30981306,0.31883566
101,233,3.2,0.22,5,0.19778945,0.20349093,0.21490573,0.23129983,0.250214
102,680,2.1,0.21,20,0.29839018,0.31542231,0.32335763,0.32700248,0.32865815
103,449,6.68,0.44,20,0.23419167,0.26835086,0.2930347,0.30877042,0.31817507
104,472,9.65,0.39,11,0.19895899,0.20055585,0.20569428,0.21587871,0.23099786
105,74,4.37,0.43,6,0.1978116,0.20098144,0.20867168,0.22144939,0.23817447
106,403,3.23,0.47,11,0.23393994,0.26523647,0.2893612,0.30563454,0.31585153
107,245,5.28,0.38,17,0.23695696,0.27019038,0.29407701,0.30931338,0.31843959
108,416,7.31,0.47,8,0.19825641,0.19902069,0.20202773,0.20864099,0.21964114
109,70,4.09,0.22,9,0.20840588,0.22818718,0.25226969,0.27476799,0.29275274
110,853,7.44,0.1,7,0.19790757,0.1978549,0.19872644,0.20134935,0.20672035
111,424,8.23,0.16,8,0.19824178,0.19837288,0.1997053,0.20329309,0.2102379
112,657,4.39,0.2,7,0.19962074,0.20657735,0.21986344,0.23804757,0.25791416
113,202,9.21,0.3,20,0.21345585,0.24219121,0.27030088,0.29195521,0.30678631
114,660,4.84,0.22,11,0.21121232,0.23401621,0.25952913,0.28172702,0.29850829
115,882,5.76,0.22,18,0.23574591,0.26927522,0.29349258,0.30896892,0.3182468
116,430,4.81,0.39,14,0.22732194,0.25860538,0.28421684,0.30209715,0.31358556
117,833,4.44,0.4,19,0.25841507,0.28947726,0.30802296,0.31841415,0.32402166
118,861,5.14,0.23,12,0.21316983,0.23782457,0.26394933,0.28573632,0.30168587
119,410,6.38,0.23,7,0.19788432,0.19853857,0.2012881,0.20739577,0.21767375
120,890,5.52,0.35,16,0.22892372,0.26122265,0.28675153,0.30410252,0.31501274
121,221,4.65,0.14,9,0.20430851,0.21922674,0.24050834,0.26298229,0.28266961
122,641,3,0.42,13,0.25248081,0.2835893,0.30358238,0.31544543,0.32217124
123,663,8.48,0.49,9,0.19851361,0.1991829,0.20197273,0.20830287,0.21906041
124,436,4.82,0.41,15,0.23270175,0.2651005,0.28979115,0.30620745,0.31636944
125,429,4.07,0.15,10,0.21392972,0.23842534,0.26416834,0.28567855,0.30150013
126,407,8.8,0.25,7,0.19804158,0.19772541,0.19774953,0.198425,0.20031298
127,849,6.75,0.44,7,0.19787338,0.19818814,0.20008684,0.20471304,0.2130642
128,437,9.74,0.32,16,0.20269976,0.21671459,0.23861694,0.26224775,0.2828231
129,276,5.8,0.31,14,0.21630169,0.24368789,0.27042737,0.29138581,0.30602688
130,456,6.79,0.29,8,0.19833705,0.19976744,0.20429556,0.21326161,0.2268618
131,813,5.11,0.14,20,0.25334008,0.2856696,0.3055565,0.3169317,0.32317271
132,664,2.33,0.46,16,0.28197944,0.30560164,0.31788824,0.32408884,0.32715379
133,466,7.49,0.31,20,0.22615334,0.25953548,0.28596362,0.30381777,0.31496192
134,86,7.65,0.17,18,0.21722733,0.24693578,0.27442813,0.29500197,0.30884581
135,15,6.2,0.38,5,0.19689222,0.19634077,0.196216,0.19675716,0.19843168
136,803,8.96,0.48,5,0.19756389,0.1968782,0.19639905,0.19606814,0.19586682
137,87,6.14,0.22,5,0.19687576,0.19633336,0.1962359,0.19684304,0.19864682
138,603,6.06,0.39,10,0.20139825,0.21123336,0.22833295,0.24938777,0.2700982
139,19,3.13,0.42,8,0.21387285,0.23781875,0.26310029,0.2844805,0.30040997
140,283,3.15,0.43,13,0.24926721,0.2807851,0.30157483,0.31414048,0.3213717
141,219,2.55,0.36,14,0.26821653,0.29610025,0.31203697,0.32070582,0.32527806
142,435,5.49,0.25,9,0.20093059,0.20986472,0.22580878,0.24606783,0.26662003
143,290,5.2,0.26,13,0.21741088,0.24497401,0.27150084,0.292155,0.3065331
144,488,1.45,0.28,14,0.29355933,0.31245869,0.32168014,0.32609872,0.32818766
145,600,6.64,0.49,17,0.22171064,0.25271739,0.27955583,0.29885455,0.31149005
146,473,5.7,0.33,12,0.208756,0.22970204,0.25477375,0.27755744,0.29528834
147,291,3.15,0.37,18,0.27484174,0.30114105,0.3153263,0.32268899,0.32641496
148,75,3.26,0.23,20,0.28035076,0.30488071,0.31759216,0.32397776,0.32711771
149,498,8.34,0.39,11,0.19942064,0.20341281,0.21309095,0.22867116,0.24781122
150,286,9.34,0.24,11,0.19902065,0.20103392,0.20706367,0.21845654,0.23464598
151,637,2.68,0.42,10,0.23848677,0.26978523,0.29290921,0.30809168,0.31743789
152,71,1.52,0.42,6,0.23627669,0.26653333,0.28971065,0.30546846,0.31549201
153,634,1.2,0.31,12,0.29306107,0.31208528,0.32144003,0.32595636,0.32810751
154,222,4.5,0.44,17,0.24808204,0.28062544,0.30181748,0.31446204,0.32164863
155,490,5.8,0.12,5,0.19678406,0.19631041,0.1964195,0.19750706,0.20021059
156,496,5.31,0.22,10,0.2041341,0.21886516,0.24018257,0.26279986,0.28261891
157,457,1.87,0.36,10,0.26094573,0.28994738,0.30771153,0.31793137,0.32359633
158,88,2.68,0.29,9,0.23035856,0.26062504,0.28518529,0.30241597,0.31358469
159,217,1.91,0.46,15,0.28680647,0.30852294,0.31952862,0.32496894,0.32761115
160,284,1.94,0.26,7,0.23186208,0.26172915,0.28573952,0.30259157,0.31356177
161,96,2.64,0.42,13,0.26047776,0.29011807,0.30806778,0.31827166,0.32385829
162,500,9.91,0.13,8,0.19834729,0.19810594,0.19824547,0.19917292,0.20157699
163,281,1.47,0.36,13,0.28925226,0.30985612,0.32021598,0.3253105,0.32777624
164,491,9.94,0.45,19,0.20744876,0.23047342,0.25755302,0.28110311,0.29864416
165,261,4.54,0.36,17,0.24746911,0.28008618,0.30143214,0.31421263,0.32149667
166,601,9.94,0.39,16,0.20229862,0.21544154,0.23666877,0.26014558,0.28095568
167,884,6.03,0.34,6,0.19737315,0.19739202,0.19861979,0.20196862,0.20841438
168,489,6.52,0.37,20,0.23594094,0.2701248,0.29439865,0.30969843,0.31876332
169,296,2.19,0.48,19,0.29442356,0.31320094,0.32218155,0.32640231,0.32835995
170,417,9.01,0.17,14,0.20144913,0.21184918,0.23025946,0.25247563,0.27363165
171,898,4.79,0.4,18,0.24868186,0.28135739,0.30241633,0.31488199,0.32191932
172,899,8.5,0.45,8,0.19825241,0.19827814,0.19929633,0.20224378,0.20820378
173,485,4.78,0.35,15,0.23326311,0.26571253,0.29028791,0.30656017,0.3166014
174,896,5.28,0.4,11,0.20777808,0.22737259,0.25170129,0.27452391,0.29273613
175,97,3.14,0.15,19,0.27879824,0.30381892,0.31694728,0.32361094,0.32691792
176,897,2.39,0.11,6,0.21094746,0.23270008,0.25699648,0.27866603,0.29556451
177,298,6.55,0.39,9,0.19918049,0.2033042,0.21290583,0.22814726,0.24688352
178,606,4.52,0.23,6,0.19766237,0.20025407,0.2069612,0.21860282,0.23444786
179,508,8.4,0.1,6,0.19773391,0.19726338,0.19702147,0.19709121,0.19771486
180,76,1.64,0.49,7,0.24261054,0.27318686,0.29518186,0.30945377,0.3181954
181,26,8.75,0.38,7,0.19803613,0.19772452,0.19776412,0.1984797,0.20044904
182,287,4.32,0.23,10,0.21122588,0.23373082,0.25898385,0.2811011,0.29793451
183,452,9.96,0.2,9,0.19852342,0.19850586,0.19933652,0.20190442,0.20731187
184,885,6.48,0.22,18,0.22762425,0.26044235,0.2863951,0.30398062,0.31499816
185,891,3.94,0.34,10,0.21551018,0.24093517,0.26677933,0.28788752,0.30316534
186,844,6.51,0.27,12,0.20445542,0.22010596,0.24242131,0.26550611,0.28523145
187,506,7.81,0.4,11,0.19984112,0.20539876,0.21748161,0.23526458,0.25545719
188,644,5.96,0.23,15,0.21932545,0.24857154,0.2753535,0.29542453,0.30898983
189,242,1.38,0.19,14,0.29533723,0.31348336,0.32223638,0.32638935,0.32833541
190,66,2.21,0.2,18,0.29123205,0.31133676,0.32116296,0.32586875,0.32808871
191,902,4.7,0.22,10,0.20789315,0.22734879,0.25144672,0.27413125,0.29232158
192,274,5.22,0.24,12,0.21245357,0.2365864,0.26260781,0.284574,0.30079514
193,254,4.59,0.11,14,0.23035818,0.26217654,0.2872536,0.30432606,0.31509112
194,638,7.13,0.4,15,0.21027135,0.23391481,0.26037635,0.28301968,0.29981696
195,50,9.79,0.34,18,0.20594269,0.22648131,0.25249315,0.27636875,0.29485058
196,3,5.3,0.42,18,0.24160349,0.27499552,0.29782178,0.31188705,0.32008435
197,507,5.01,0.2,18,0.24558292,0.27865119,0.30049534,0.31364586,0.32117013
198,668,5.3,0.4,15,0.22647842,0.25794749,0.2838087,0.30187201,0.31347214
199,856,1.47,0.27,8,0.25855577,0.28757565,0.30585981,0.31664112,0.32275624
200,669,1.9,0.32,17,0.29378079,0.3127427,0.32189881,0.32624082,0.32827217
201,225,3.79,0.17,5,0.19675882,0.19906656,0.20525576,0.21613928,0.23120704
202,682,2.53,0.23,19,0.28885419,0.31000461,0.32045741,0.32550842,0.3279095
203,845,7.14,0.11,20,0.22946828,0.26332734,0.28907285,0.30602778,0.31641236
204,299,4.6,0.42,6,0.19760327,0.19992757,0.20614879,0.21718529,0.23251114
205,214,3.34,0.47,8,0.21094962,0.23277756,0.2574644,0.27942814,0.29641735
206,268,5.41,0.34,10,0.20367033,0.21767777,0.23845795,0.26094818,0.28095712
207,453,8.15,0.49,13,0.20168276,0.21240376,0.23093224,0.25306123,0.27405156
208,243,9.1,0.13,9,0.19849973,0.19877761,0.20051264,0.20493989,0.21319476
209,510,9.31,0.44,6,0.19787401,0.19737284,0.19705294,0.19691074,0.19703569
210,870,8.07,0.31,7,0.19796445,0.19774383,0.19808943,0.19955441,0.20295374
211,645,1.86,0.35,7,0.23452204,0.26472793,0.2882981,0.30449747,0.31487405
212,698,5.22,0.47,18,0.24268114,0.27600374,0.2985668,0.31238082,0.32039105
213,647,5.56,0.47,6,0.19734696,0.19775903,0.19999633,0.20518909,0.21421568
214,696,9.08,0.34,15,0.20268033,0.21622155,0.23757282,0.2609335,0.28154317
215,681,2.51,0.47,15,0.27408955,0.30034465,0.31473018,0.32229969,0.3261794
216,908,5.46,0.48,14,0.21962562,0.24858144,0.27516866,0.29518187,0.30876605
217,825,7.58,0.33,19,0.22150636,0.25334829,0.28049138,0.29973374,0.31218098
218,67,7.79,0.47,20,0.22352195,0.2563665,0.28329493,0.30188776,0.31367828
219,683,7.26,0.27,8,0.19826078,0.19907631,0.20220797,0.20902694,0.22027311
220,269,5.62,0.18,10,0.20279649,0.21536198,0.23500463,0.25716643,0.27751613
221,512,9.17,0.15,6,0.19785275,0.19735532,0.19704332,0.19692188,0.19709763
222,81,8.71,0.34,9,0.19850363,0.19900352,0.20135273,0.20691685,0.21671157
223,704,6.61,0.39,12,0.20406257,0.2190941,0.24098653,0.26400879,0.28392108
224,255,8.43,0.3,11,0.19936769,0.20313469,0.21243504,0.22763008,0.2465469
225,846,4.81,0.18,11,0.21148186,0.23450504,0.26008017,0.2822189,0.29889396
226,443,7.79,0.13,5,0.19729975,0.19663969,0.19621043,0.1959841,0.1960242
227,675,2.96,0.12,11,0.23956367,0.2711051,0.29405617,0.30894782,0.31802501
228,903,1.94,0.32,18,0.29585641,0.31395022,0.32255708,0.32658514,0.32844703
229,308,9.54,0.34,8,0.19831909,0.19811846,0.19840013,0.19968681,0.20278738
230,306,4.89,0.29,18,0.24723741,0.28009803,0.30152246,0.31430661,0.32157045
231,431,8.9,0.21,19,0.21234872,0.23975659,0.26760712,0.28965315,0.30505823
232,700,8.03,0.16,15,0.20585276,0.22466082,0.24932755,0.2728928,0.29176833
233,234,8.95,0.48,18,0.20935077,0.23372133,0.26093643,0.2839124,0.30071522
234,909,5.53,0.3,7,0.19809218,0.20019991,0.20605735,0.21674478,0.23188129
235,866,8.53,0.14,8,0.19825391,0.1982697,0.19925727,0.20214019,0.20799721
236,706,5.06,0.48,9,0.20233217,0.21409308,0.23286059,0.25456052,0.2749508
237,665,3.34,0.34,19,0.27550868,0.30167101,0.31567659,0.32290055,0.32653578
238,888,4.2,0.27,18,0.25757202,0.28866072,0.30742145,0.31802078,0.32378166
239,611,6.9,0.14,7,0.19787675,0.19808851,0.19971156,0.20382452,0.21145372
240,464,9.73,0.44,14,0.20049257,0.2081642,0.22358898,0.24421065,0.26548464
241,807,2.62,0.25,13,0.26094762,0.29048767,0.30831599,0.3184254,0.32394875
242,240,7.6,0.13,9,0.19863467,0.20030837,0.20542594,0.21534649,0.2300009
243,847,1.51,0.32,9,0.26597407,0.29375078,0.31021104,0.31945699,0.32448447
244,444,9.7,0.1,17,0.20436879,0.22198406,0.24640359,0.27039494,0.28989775
245,480,3.06,0.17,9,0.22239392,0.25069854,0.27626733,0.29556778,0.30877491
246,312,7.73,0.14,11,0.19992249,0.20575352,0.21822519,0.23632972,0.25664448
247,445,7.68,0.12,19,0.2206826,0.25225596,0.27951901,0.29900336,0.31168051
248,277,5.24,0.46,7,0.19828207,0.2012253,0.20860755,0.22116662,0.23785102
249,425,9.73,0.16,18,0.20614881,0.22696347,0.25308708,0.276918,0.29528785
250,889,6.23,0.21,20,0.23921621,0.27331114,0.29679298,0.31130122,0.31976599
251,46,9.32,0.17,9,0.1985028,0.19868462,0.20013766,0.20401063,0.21146067
252,520,9.94,0.19,17,0.20372857,0.22024001,0.24401733,0.26802187,0.28790877
253,894,3.95,0.16,16,0.25165806,0.28345883,0.30371922,0.31563737,0.32233808
254,916,4.79,0.21,14,0.22758883,0.25892716,0.28449439,0.30230286,0.31372557
255,235,6.41,0.24,20,0.2371494,0.27130647,0.29528824,0.31029439,0.3191363
256,823,7.17,0.27,15,0.21003374,0.23346261,0.2598688,0.28257326,0.29947237
257,516,4.71,0.47,5,0.19654086,0.19671382,0.19854408,0.2030175,0.21100076
258,94,9.83,0.22,13,0.19972193,0.2045143,0.2158084,0.23318412,0.25343337
259,252,6.47,0.16,10,0.20049973,0.20818788,0.22288359,0.24249077,0.26309574
260,707,7.79,0.31,9,0.19859326,0.19999073,0.20450751,0.21356588,0.22737164
261,892,3.99,0.31,18,0.26083657,0.29116402,0.30906559,0.31901883,0.32435771
262,629,7.87,0.29,18,0.21563903,0.24453736,0.27212496,0.29318246,0.30755006
263,886,1.88,0.39,18,0.29695381,0.31456073,0.32287904,0.32674904,0.32852836
264,204,7.28,0.29,11,0.20050485,0.20808034,0.22282555,0.24260574,0.26337441
265,518,9.05,0.49,11,0.19909812,0.20157256,0.2085358,0.22111575,0.23826724
266,858,7.03,0.2,16,0.21445804,0.24169371,0.26886999,0.2903394,0.30538077
267,831,1.25,0.36,6,0.24817798,0.27819776,0.29884507,0.31187064,0.31969409
268,468,7.33,0.27,7,0.19789915,0.1978883,0.19888456,0.20176728,0.20755409
269,72,9.77,0.3,11,0.19894086,0.20039787,0.20522118,0.21495433,0.22964433
270,227,2.72,0.27,6,0.20595548,0.22334321,0.24566914,0.26781691,0.28652419
271,810,3.02,0.18,13,0.25204587,0.28321571,0.30331749,0.3152745,0.32206716
272,73,7.07,0.34,8,0.19828275,0.19931497,0.20295945,0.21060109,0.22279657
273,420,3.08,0.5,16,0.26738905,0.29575116,0.31191549,0.32067875,0.32528384
274,471,9.87,0.29,16,0.20243416,0.21587863,0.2373445,0.26087995,0.28161127
275,7,3.96,0.33,17,0.25659445,0.28769981,0.30670404,0.31754586,0.32348856
276,712,7.6,0.4,9,0.19863467,0.20030837,0.20542594,0.21534649,0.23000089
277,432,6.93,0.21,10,0.1998075,0.20552993,0.21767364,0.23536837,0.25541032
278,60,6.92,0.36,11,0.20115466,0.21038783,0.22702344,0.24795004,0.26880365
279,522,7.03,0.21,6,0.19751265,0.19717216,0.19734662,0.19846796,0.20122128
280,820,3.61,0.28,10,0.22015015,0.2479023,0.2737819,0.29368632,0.30747468
281,228,9.76,0.22,6,0.19794072,0.19742892,0.19708894,0.19689619,0.19689611
282,867,3.24,0.41,15,0.25918397,0.28941906,0.3077291,0.31812204,0.32379945
283,713,1.07,0.49,5,0.24529178,0.27541425,0.29663001,0.31027691,0.31861568
284,433,2.33,0.4,5,0.20396621,0.21981129,0.24099797,0.26287001,0.28201659
285,710,7.84,0.47,8,0.19823557,0.19857295,0.20048527,0.2051857,0.21372777
286,716,7.44,0.17,9,0.1986818,0.20062624,0.20630048,0.21697309,0.23231261
287,821,2.92,0.46,12,0.24755202,0.27899791,0.30016338,0.31315703,0.32073453
288,92,7.03,0.35,11,0.20093055,0.20963181,0.22569746,0.24631166,0.26717809
289,809,5.44,0.23,15,0.22482238,0.25589374,0.28201532,0.30053363,0.31255695
290,297,6.27,0.16,13,0.20872001,0.23000397,0.255374,0.27825296,0.29592634
291,918,3.53,0.16,9,0.21476348,0.23950926,0.26511877,0.28637139,0.30195468
292,701,9.23,0.27,13,0.2001726,0.20667804,0.22042994,0.23978648,0.26071441
293,210,2.78,0.11,16,0.27309907,0.29975486,0.31440378,0.32212698,0.32609095
294,314,9.1,0.25,5,0.1975932,0.19690535,0.19642235,0.19608511,0.19587053
295,924,7.47,0.26,14,0.20565648,0.2237328,0.24783212,0.27126719,0.29032254
296,211,2.64,0.15,5,0.20070072,0.21219204,0.2300207,0.25078192,0.27078521
297,804,8.19,0.12,8,0.19824048,0.19838921,0.19977319,0.20346394,0.21056328
298,672,7.72,0.32,15,0.20716858,0.22763362,0.25304391,0.27640115,0.29461369
299,205,8.91,0.35,13,0.2005102,0.20810699,0.22324422,0.24354496,0.2646455
300,415,5.29,0.26,18,0.24173734,0.27512152,0.29791521,0.31194913,0.32012299
301,661,4.96,0.46,9,0.20276092,0.215242,0.23461378,0.25652591,0.2767735
302,454,5.73,0.31,10,0.20240057,0.21424112,0.23325146,0.25517512,0.27565392
303,95,4.84,0.21,11,0.21121232,0.23401621,0.25952913,0.28172702,0.29850829
304,523,9.4,0.25,20,0.2123934,0.24042596,0.26853801,0.2905341,0.30576122
305,28,1.23,0.39,8,0.26885986,0.29569867,0.31138071,0.32011504,0.32483862
306,229,1.18,0.45,19,0.31094178,0.32180498,0.32649469,0.32850742,0.32936694
307,805,7.15,0.24,11,0.20071546,0.20886171,0.22429037,0.24451561,0.26535028
308,895,2.03,0.13,8,0.23911578,0.26994774,0.29278348,0.30786229,0.31720699
309,68,3.17,0.33,10,0.22780398,0.25788548,0.28296516,0.30084128,0.31255123
310,521,1.33,0.16,6,0.24422695,0.27442921,0.29593615,0.30984893,0.31837423
311,462,9.22,0.24,18,0.20812743,0.23128091,0.25819584,0.28152313,0.29888972
312,324,8.21,0.26,18,0.21339825,0.24096937,0.26859713,0.29034411,0.30550193
313,400,9.92,0.37,12,0.19922659,0.20187309,0.20930245,0.22256782,0.24032975
314,455,6.64,0.35,5,0.19701014,0.19640883,0.19613479,0.19630567,0.19722905
315,325,8.63,0.47,14,0.20216325,0.2142405,0.23419833,0.25701405,0.27787368
316,22,6.39,0.49,14,0.21155441,0.23580203,0.26220608,0.28447568,0.3008581
317,411,7.57,0.16,14,0.20525248,0.22277999,0.24659178,0.27005997,0.28932163
318,524,8.98,0.44,20,0.21482824,0.24436071,0.27240983,0.29362631,0.30797648
319,607,9.9,0.31,12,0.19923241,0.20191249,0.2094069,0.22274934,0.24056686
320,47,3.13,0.33,12,0.24307366,0.27485639,0.29709029,0.31110538,0.31944901
321,829,9.61,0.49,13,0.19986287,0.2052344,0.21740481,0.23553492,0.25608786
322,673,3.31,0.4,18,0.27207582,0.29926559,0.31418745,0.32203866,0.3260586
323,922,2.93,0.12,20,0.28539144,0.30798314,0.31935236,0.32492878,0.3276143
324,412,8.95,0.47,12,0.19967596,0.20442031,0.21546224,0.23247335,0.25244816
325,16,1.16,0.3,20,0.31267577,0.32264261,0.3268896,0.3286902,0.32945031
326,671,2.06,0.24,8,0.23816481,0.26895905,0.29198627,0.30729373,0.31682963
327,818,3.94,0.27,17,0.25692841,0.28796651,0.306884,0.31765747,0.32355419
328,530,8.55,0.38,9,0.19850909,0.19912107,0.20176686,0.20785516,0.21832061
329,322,8.35,0.27,16,0.20697824,0.22770715,0.25340647,0.27689003,0.29508928
330,934,6.98,0.45,11,0.20103433,0.20997452,0.22628999,0.24703547,0.26788913
331,469,2.75,0.39,16,0.27369532,0.30016405,0.31465461,0.32227142,0.32617072
332,694,4.96,0.26,13,0.22002507,0.24874911,0.27513564,0.29505782,0.3086252
333,536,9.56,0.43,13,0.19989833,0.20540904,0.21778329,0.23608161,0.25669563
334,318,7.32,0.4,5,0.19718534,0.19654233,0.19615333,0.19602811,0.19630286
335,23,4.25,0.4,15,0.24123704,0.27384344,0.29664086,0.31095216,0.31942859
336,724,8.72,0.35,10,0.19879951,0.20029037,0.20509514,0.21468561,0.22913013
337,79,2.63,0.5,12,0.2543718,0.28498598,0.30447627,0.31597631,0.32247139
338,401,6.05,0.49,17,0.22767973,0.26014294,0.28599909,0.3036284,0.31473155
339,106,1.8,0.27,13,0.28096269,0.30470436,0.31726099,0.32369478,0.32692154
340,93,8.48,0.11,17,0.20896826,0.23240127,0.25918613,0.2822453,0.29936558
341,726,7.81,0.44,19,0.21964501,0.25084893,0.27825131,0.29804371,0.31101904
342,857,9.29,0.14,16,0.20377809,0.21985659,0.24317424,0.26698596,0.28692505
343,676,7.63,0.16,18,0.21737732,0.24715668,0.27463734,0.29516577,0.30896169
344,652,2.21,0.37,8,0.23364275,0.26407255,0.28794911,0.30436336,0.31485698
345,112,4.53,0.33,15,0.23691383,0.26956585,0.29335832,0.30871241,0.31800231
346,537,4.75,0.31,20,0.25828634,0.28955555,0.30814204,0.31851555,0.32409343
347,304,1.93,0.47,7,0.23218647,0.26210131,0.2860606,0.30283265,0.3137288
348,862,6.48,0.29,5,0.19696844,0.19638263,0.19615487,0.19644212,0.19760574
349,667,1.48,0.15,6,0.23740059,0.26746958,0.29032721,0.30582376,0.31567654
350,413,9.77,0.47,14,0.20045178,0.20798917,0.2232496,0.24376727,0.26503031
351,936,4.99,0.46,18,0.24581578,0.27883744,0.3006189,0.31372078,0.32121308
352,526,4.59,0.13,11,0.2136142,0.23822036,0.26415927,0.2857952,0.3016618
353,40,5.41,0.48,6,0.19735344,0.19795018,0.20062326,0.20654395,0.21648709
354,527,9.46,0.17,11,0.1989949,0.20083931,0.20651202,0.21742793,0.23320381
355,525,3.92,0.34,6,0.19854766,0.20402575,0.21522001,0.23153143,0.25048828
356,690,1.7,0.39,9,0.25896964,0.28821284,0.30645477,0.31710304,0.32308103
357,405,7.74,0.13,6,0.19762798,0.19719802,0.19708259,0.19748941,0.1988428
358,107,9.25,0.28,11,0.19904225,0.20119032,0.20749897,0.21925537,0.23574957
359,725,4.87,0.28,11,0.21094768,0.2335317,0.25897949,0.28123427,0.2981207
360,863,5.09,0.29,19,0.24916891,0.28200598,0.30296056,0.31526832,0.32217009
361,728,9.19,0.15,18,0.20825663,0.23154778,0.25850154,0.28179308,0.29909787
362,114,6.89,0.1,5,0.1970762,0.19645624,0.196129,0.19616338,0.19679371
363,48,1.97,0.19,8,0.24075512,0.2714836,0.2939302,0.30862866,0.31768647
364,542,3.2,0.31,14,0.25435164,0.28534074,0.3048797,0.31630717,0.3227077
365,486,1.94,0.14,15,0.28612674,0.30810462,0.31929058,0.32483976,0.32754331
366,9,3.51,0.23,9,0.21504234,0.23995924,0.26559539,0.28678133,0.3022683
367,323,2.67,0.15,13,0.25977626,0.28956295,0.30769356,0.31803919,0.32372115
368,113,4.69,0.42,16,0.23999367,0.27291304,0.29604746,0.31060245,0.31923296
369,679,1.39,0.36,6,0.2414051,0.27162543,0.29371435,0.30827443,0.31732982
370,124,7.51,0.35,12,0.20148544,0.21158101,0.22931101,0.25094558,0.27189308
371,262,9.83,0.48,9,0.19851804,0.19853257,0.19946791,0.20226566,0.20805124
372,850,6.06,0.18,13,0.21007833,0.23267241,0.25848703,0.28107912,0.29816329
373,56,9.82,0.34,5,0.19774135,0.19704399,0.19654414,0.1961831,0.19592545
374,53,4.58,0.41,17,0.24686038,0.27954674,0.30104504,0.3139613,0.32134313
375,263,4.99,0.38,14,0.22500127,0.25573765,0.28170749,0.30021906,0.31229752
376,695,1.62,0.23,9,0.26186984,0.2905536,0.30806357,0.31812151,0.32369345
377,734,2.03,0.37,8,0.23911578,0.26994774,0.29278348,0.30786229,0.31720699
378,624,2.27,0.35,8,0.23194207,0.26214885,0.28631384,0.30315201,0.31402824
379,540,8.26,0.47,9,0.19852875,0.19938799,0.20265493,0.20978437,0.22150027
380,511,8.02,0.25,13,0.20194961,0.21328248,0.23238949,0.25475953,0.27565652
381,613,2.43,0.31,16,0.27992873,0.30428439,0.3171163,0.32366003,0.32692415
382,541,3.15,0.48,5,0.19794457,0.20404852,0.21600038,0.23286199,0.25200605
383,851,2.87,0.43,15,0.26648722,0.29494741,0.31134338,0.32031195,0.32506305
384,208,1.25,0.39,11,0.28704266,0.30838919,0.31933245,0.32480758,0.3275007
385,467,7.48,0.13,6,0.19758613,0.1971815,0.19714868,0.19776566,0.19954569
386,313,7.02,0.43,17,0.21838415,0.24814137,0.27536,0.29563195,0.30924134
387,942,3.42,0.46,12,0.23716769,0.2689366,0.29247467,0.30790876,0.3173843
388,20,7.78,0.47,7,0.19793656,0.19777962,0.19833041,0.20026224,0.20448447
389,334,6.93,0.18,8,0.19830783,0.19953021,0.2036004,0.21188664,0.22477564
390,735,9.3,0.28,10,0.19872865,0.19960979,0.20298289,0.21038132,0.22251168
391,732,5.68,0.13,17,0.23192612,0.26492924,0.28993063,0.30643557,0.31658335
392,738,2.05,0.36,11,0.26287041,0.29167679,0.30897748,0.31877005,0.32411914
393,650,8.21,0.18,9,0.19853325,0.19944046,0.20282471,0.21014526,0.22208236
394,639,3.46,0.1,11,0.2295149,0.26019505,0.28510642,0.3025145,0.31374061
395,816,2.59,0.24,10,0.24072986,0.27207072,0.294718,0.30936068,0.31826736
396,736,1.72,0.11,19,0.30215503,0.31739212,0.32434727,0.32748592,0.32888941
397,730,8.98,0.44,6,0.19782415,0.19733222,0.19703306,0.19694631,0.19720566
398,684,3.12,0.42,18,0.27536363,0.30148977,0.31553596,0.32280776,0.32647959
399,250,3,0.47,18,0.27746069,0.30287484,0.31636216,0.32327285,0.32673131
400,21,8.61,0.39,13,0.20089948,0.20963768,0.22611239,0.24722291,0.26837581
401,266,7.3,0.29,5,0.19718031,0.19653818,0.19615137,0.19603177,0.19631936
402,440,8.01,0.13,15,0.20593132,0.22484631,0.24956592,0.27312202,0.2919567
403,817,6.07,0.11,7,0.19791962,0.19896873,0.20263832,0.2102288,0.22225792
404,209,9.51,0.33,10,0.19871475,0.19942755,0.20237476,0.20906815,0.22037742
405,943,3.93,0.4,15,0.24652091,0.27875619,0.30027832,0.31337147,0.32093757
406,509,9.69,0.45,12,0.19930037,0.2023549,0.21055707,0.22471433,0.24309524
407,691,9.74,0.28,19,0.20825249,0.23215293,0.25947169,0.28278919,0.29993824
408,51,4.37,0.15,17,0.25003886,0.28229792,0.3029909,0.31521087,0.32209947
409,546,2.59,0.28,17,0.28095152,0.3050387,0.31759762,0.32394455,0.32708426
410,460,4.51,0.49,6,0.19767042,0.20029716,0.20706696,0.21878517,0.23469421
411,475,9.93,0.5,17,0.2037538,0.22031066,0.24411564,0.26812074,0.28799226
412,547,9.14,0.47,6,0.19784817,0.19735158,0.1970414,0.19692481,0.19711237
413,272,2.49,0.27,8,0.22622474,0.25528159,0.28024825,0.29853424,0.31079991
414,544,3.48,0.34,19,0.2732268,0.30014422,0.31475818,0.32238016,0.32625261
415,880,8.25,0.17,14,0.20306259,0.21697226,0.23841168,0.2616393,0.28205072
416,554,7.02,0.19,9,0.19885235,0.20165765,0.20900206,0.22178306,0.23887145
417,739,2.83,0.29,20,0.28697315,0.30893521,0.31988413,0.32521246,0.32776082
418,685,6.07,0.29,17,0.22746049,0.25988466,0.28578164,0.30347051,0.314626
419,236,7.62,0.33,11,0.20004385,0.20626824,0.21928408,0.23782231,0.25828665
420,336,7.04,0.22,17,0.21821968,0.24790391,0.27513633,0.29545711,0.30911771
421,811,7.45,0.23,11,0.20026122,0.20713715,0.22100285,0.24016797,0.26080152
422,632,7.92,0.2,14,0.20402451,0.21963755,0.24227547,0.26569605,0.28560106
423,502,5.1,0.14,9,0.20217677,0.21365208,0.23215944,0.25374881,0.27417862
424,64,3.12,0.44,14,0.25599464,0.28670056,0.30582096,0.31690334,0.32306496
425,651,6.23,0.17,7,0.19789745,0.19872753,0.20189534,0.208692,0.21980583
426,423,8.05,0.14,5,0.19736051,0.19669323,0.1962486,0.19598602,0.19594061
427,619,2.46,0.4,14,0.27003893,0.29737401,0.31282636,0.32116416,0.32553301
428,426,6.79,0.4,14,0.20899218,0.23096864,0.25675826,0.27965699,0.29711962
429,556,7.15,0.44,7,0.19788715,0.1979561,0.19918432,0.20253734,0.20905396
430,560,8.07,0.2,7,0.19796445,0.19774383,0.19808943,0.19955441,0.20295374
431,854,9.18,0.44,11,0.19906051,0.20131849,0.20785076,0.21989307,0.23662066
432,948,6.19,0.34,8,0.19857197,0.20123515,0.20820847,0.22041268,0.23693805
433,932,1.64,0.14,15,0.29296766,0.31219878,0.32157359,0.3260584,0.32817411
434,203,8.86,0.37,20,0.21558184,0.24552132,0.27352282,0.29450119,0.30859612
435,545,6.1,0.34,10,0.20129584,0.21090423,0.22776737,0.2486958,0.26941405
436,717,4.12,0.22,8,0.20378293,0.2179877,0.23857465,0.2607487,0.28054202
437,881,3.41,0.48,11,0.23044043,0.26127986,0.28603763,0.30320546,0.31421245
438,4,8.57,0.35,9,0.19850825,0.19910542,0.20171253,0.20773337,0.21811393
439,25,3.86,0.31,8,0.20563447,0.22226135,0.24447524,0.26691306,0.2859882
440,904,4.26,0.12,7,0.19998919,0.20781838,0.22217166,0.2411405,0.26124257
441,635,3.67,0.35,5,0.19687285,0.19969132,0.2067744,0.21874949,0.23474916
442,271,1.13,0.1,15,0.30430608,0.31841308,0.32481809,0.32769849,0.32898377
443,826,8.04,0.31,16,0.20837647,0.23069216,0.25696746,0.28013908,0.29765957
444,494,9.99,0.16,12,0.19920705,0.20173878,0.20894366,0.22194018,0.23950508
445,65,2.98,0.33,9,0.22387976,0.25258866,0.27797972,0.2968854,0.30969932
446,479,7.46,0.24,12,0.20159688,0.21193295,0.22988984,0.25162041,0.27253137
447,213,6.24,0.12,9,0.19951367,0.20475604,0.21605834,0.2329001,0.25247061
448,231,2.41,0.24,18,0.2876133,0.30919822,0.31998341,0.32524557,0.32776937
449,84,3.99,0.22,12,0.22723687,0.25779619,0.28318666,0.30116485,0.31286065
450,859,4.76,0.29,15,0.23354615,0.26601905,0.29053576,0.30673567,0.31671657
451,513,7.58,0.2,5,0.19724888,0.19659567,0.19618173,0.19599296,0.19612114
452,427,8.47,0.1,15,0.20431295,0.22081811,0.24420613,0.26784303,0.2875451
453,952,2.11,0.22,12,0.26757511,0.29536724,0.31145616,0.32030714,0.32502541
454,626,7.14,0.4,15,0.21021155,0.23380142,0.26024937,0.28290816,0.29973097
455,340,6.6,0.2,8,0.19838919,0.20014432,0.20535899,0.21529932,0.22986049
456,742,7.43,0.41,13,0.20350166,0.21786945,0.239459,0.26256501,0.28275251
457,503,3.92,0.12,18,0.2619716,0.29202387,0.30962655,0.31935772,0.32455256
458,754,3.44,0.27,10,0.22287305,0.25158454,0.27724064,0.29641683,0.30943008
459,130,6.78,0.25,8,0.19833942,0.19978563,0.20434798,0.21336386,0.22701484
460,744,7.7,0.17,6,0.19762144,0.19719485,0.19709032,0.19752541,0.19893761
461,752,9.51,0.34,18,0.20695029,0.22877973,0.255283,0.27892466,0.29687233
462,750,7.09,0.29,12,0.20249326,0.21474528,0.23448306,0.25694871,0.27756522
463,692,9.84,0.45,6,0.19795248,0.19743896,0.19709611,0.19689661,0.19687979
464,558,5.46,0.16,12,0.21048386,0.23301953,0.25862385,0.28105008,0.29805361
465,910,9.94,0.17,15,0.20115846,0.21106888,0.22917725,0.25138902,0.27272415
466,338,3.55,0.44,20,0.27595735,0.30206784,0.31595178,0.3230716,0.32663541
467,905,9.13,0.42,15,0.20257012,0.21588082,0.23705096,0.26036692,0.2810366
468,566,8.23,0.43,9,0.1985314,0.19941919,0.20275611,0.2099998,0.22184829
469,13,7.22,0.42,10,0.1994989,0.20419984,0.21485139,0.23123882,0.25070173
470,532,9.37,0.33,6,0.19788306,0.19738036,0.19705737,0.19690714,0.19701233
471,838,4.01,0.34,13,0.23325477,0.26510119,0.28953477,0.3059027,0.31610633
472,748,4.81,0.46,8,0.20069511,0.20946232,0.22505384,0.24497095,0.26536686
473,953,3.23,0.48,18,0.273455,0.30020655,0.31476122,0.32236738,0.32623924
474,642,1.33,0.25,20,0.309991,0.32135474,0.32628618,0.32841244,0.32932423
475,120,3.86,0.22,9,0.21070271,0.23251888,0.25737636,0.27949867,0.29657163
476,215,3.92,0.29,19,0.26631036,0.29534536,0.3118016,0.3206729,0.32530833
477,27,6.37,0.28,12,0.20505914,0.22158037,0.24443756,0.26755542,0.28698998
478,342,6.34,0.3,20,0.23794559,0.27208557,0.29587587,0.31068892,0.31938373
479,538,7.36,0.2,14,0.20611806,0.22481869,0.24924244,0.27263906,0.29146095
480,44,3.56,0.46,14,0.24738047,0.27932861,0.30061475,0.3135563,0.32103413
481,533,9.75,0.11,8,0.19833497,0.19810965,0.19830531,0.1993767,0.20206413
482,343,5,0.19,6,0.19741407,0.19868789,0.20286218,0.21112829,0.22378559
483,499,5.24,0.37,18,0.24241027,0.27575165,0.29838107,0.31225799,0.32031489
484,200,5.1,0.18,20,0.25347642,0.28577983,0.30563112,0.31697802,0.32319994
485,911,6,0.28,14,0.21455287,0.24094023,0.26766167,0.28911631,0.30435969
486,874,3.68,0.45,9,0.21279495,0.23622915,0.26156805,0.28327054,0.29955539
487,41,4.53,0.35,15,0.23691383,0.26956585,0.29335832,0.30871241,0.31800231
488,755,4.75,0.27,17,0.24432083,0.27725308,0.29938076,0.31287191,0.3206731
489,136,1.89,0.11,8,0.24343452,0.27415512,0.29603326,0.31010443,0.31865401
490,568,9.8,0.2,17,0.20409313,0.22124509,0.24540261,0.2694062,0.28907289
491,300,7.6,0.39,20,0.22517329,0.25838641,0.28501044,0.30313568,0.31451211
492,623,4.21,0.23,11,0.21798725,0.24509225,0.27121936,0.2917112,0.30608972
493,32,1.72,0.36,10,0.2658715,0.29379073,0.31029259,0.31953501,0.32454477
494,569,2.88,0.36,16,0.27112333,0.29838289,0.31355606,0.32163574,0.32581816
495,548,9.48,0.39,12,0.19938494,0.20286051,0.21181442,0.22678291,0.24567181
496,686,6.68,0.33,18,0.22561257,0.25807033,0.28440565,0.3025422,0.31404057
497,557,9.17,0.31,18,0.20834362,0.23172646,0.25870555,0.28197285,0.29923631
498,85,5.73,0.13,13,0.21253884,0.23712556,0.26341684,0.28539919,0.30149616
499,29,6.82,0.21,6,0.19748011,0.19718467,0.19750087,0.19894777,0.20229033
500,714,1.84,0.18,10,0.26191552,0.29071921,0.30823654,0.31826081,0.3237928
501,925,1.92,0.14,20,0.30100203,0.31680514,0.32405874,0.32734756,0.32882428
502,302,5.16,0.14,10,0.20490172,0.22075308,0.24284419,0.26559444,0.28508629
503,914,8.11,0.5,10,0.19895958,0.20140824,0.20819584,0.2204306,0.23720466
504,495,9.06,0.47,15,0.2027253,0.21635935,0.23778267,0.26116039,0.28174545
505,915,1.65,0.12,17,0.29869341,0.31548876,0.32335272,0.3269837,0.32864207
506,954,6.42,0.1,6,0.19742143,0.19724948,0.19793777,0.20019437,0.20491979
507,729,2.3,0.25,7,0.22182081,0.24936678,0.27459084,0.29396405,0.30744744
508,45,4.84,0.11,12,0.21613723,0.24262947,0.26894495,0.2899452,0.30484496
509,756,9.71,0.22,5,0.19771919,0.19702311,0.19652559,0.19616756,0.19591471
510,743,9.4,0.21,11,0.19900736,0.20093468,0.20678381,0.21793704,0.23392066
511,539,8.41,0.11,5,0.19744329,0.19676767,0.19630686,0.19600971,0.19588354
512,900,1.33,0.39,8,0.26446077,0.29233335,0.3091392,0.31872699,0.32401795
513,339,3.5,0.4,7,0.20385653,0.21839193,0.2390555,0.26111973,0.28075725
514,868,5.63,0.27,12,0.20923402,0.23065435,0.25590565,0.27860142,0.29612519
515,627,7.19,0.47,15,0.20991653,0.2332379,0.25961541,0.28234973,0.29929945
516,839,1.43,0.17,9,0.26831635,0.29539957,0.31123819,0.32005614,0.32481928
517,869,3.19,0.14,9,0.22003739,0.2474286,0.27312557,0.29304006,0.30693478
518,559,5.5,0.34,8,0.19921737,0.20422696,0.21504767,0.23132646,0.25052115
519,63,6.86,0.28,20,0.23228585,0.26636302,0.29148287,0.30770344,0.31749298
520,138,4.5,0.37,16,0.24286204,0.27566282,0.29811627,0.31199356,0.32010805
521,875,1.67,0.44,9,0.26004862,0.28909186,0.30706256,0.31748959,0.32331438
522,36,3.8,0.43,11,0.2237888,0.25314036,0.2788694,0.29779434,0.31046877
523,715,9.28,0.19,19,0.21034564,0.23620802,0.26391126,0.28658791,0.3027997
524,923,1.23,0.11,18,0.30842875,0.32056265,0.32589761,0.32822638,0.32923677
525,733,7.52,0.3,17,0.21458726,0.24239275,0.26979795,0.2912086,0.30607345
526,487,8.52,0.11,11,0.19931572,0.20286337,0.21179709,0.22661849,0.24531891
527,42,8.3,0.48,13,0.20140219,0.21144536,0.22930162,0.25112307,0.27219337
528,294,6.13,0.4,12,0.20620984,0.22429225,0.24805285,0.27116666,0.29005391
529,840,4.97,0.38,10,0.20602246,0.22331727,0.24627736,0.26906394,0.28806356
530,305,2.01,0.18,18,0.2948616,0.31341354,0.32228128,0.32644794,0.3283804
531,295,1.09,0.23,17,0.30931615,0.32098871,0.32609718,0.32831817,0.3292784
532,654,1.6,0.31,10,0.2699443,0.29683015,0.31227491,0.32073876,0.32524291
533,549,1.95,0.28,7,0.23154003,0.26135783,0.28541814,0.30234971,0.31339389
534,201,9.48,0.39,9,0.19850662,0.19862873,0.19990101,0.20340712,0.21030446
535,354,7.34,0.47,9,0.19871474,0.20084127,0.20688388,0.21804409,0.2338148
536,90,5.39,0.18,7,0.19817633,0.20066535,0.20722821,0.21879643,0.23467946
537,108,9.03,0.39,15,0.20279369,0.21656766,0.23809861,0.261501,0.28204849
538,956,6.37,0.38,16,0.21990609,0.24982285,0.27672063,0.29658807,0.30986257
539,310,4.11,0.3,20,0.26753481,0.29635353,0.31248519,0.32109491,0.3255542
540,970,4.37,0.43,8,0.20241188,0.21444679,0.23325582,0.25481831,0.27503836
541,10,9.18,0.29,16,0.20408013,0.22068469,0.24432889,0.26815427,0.2879178
542,11,6.4,0.46,13,0.20795286,0.22842481,0.25347442,0.27649235,0.29451207
543,408,6.53,0.18,16,0.21846997,0.24780849,0.27484497,0.2951312,0.30883691
544,492,1.55,0.15,20,0.30687511,0.31983199,0.32556192,0.3280748,0.32916925
545,514,7.23,0.44,7,0.19789218,0.19792379,0.1990444,0.20218124,0.20836591
546,582,7.86,0.33,8,0.19823559,0.19856067,0.20043935,0.20507709,0.21353229
547,301,4.02,0.45,20,0.268883,0.29729928,0.31307165,0.32143515,0.32574306
548,98,1.81,0.42,16,0.29251665,0.31197669,0.32146871,0.32601042,0.32815271
549,77,1.12,0.21,7,0.26539645,0.29294638,0.30948982,0.31891144,0.32410857
550,140,5.21,0.5,6,0.19737173,0.19825928,0.20159794,0.20859462,0.21983602
551,766,8.34,0.32,11,0.19942064,0.20341281,0.21309095,0.22867116,0.24781122
552,615,1.06,0.35,13,0.30067958,0.31643135,0.32378428,0.32717591,0.32872567
553,767,2.97,0.2,12,0.24642905,0.27796554,0.2993988,0.3126468,0.32041478
554,584,7.07,0.21,18,0.22196411,0.25349311,0.28043361,0.29960392,0.31204935
555,962,6.24,0.12,17,0.22564443,0.25770312,0.28392521,0.30211269,0.31371314
556,43,6.12,0.16,5,0.19687027,0.19633104,0.19624316,0.19687332,0.1987219
557,35,6.71,0.3,6,0.19746298,0.19719522,0.19759711,0.19923706,0.20292177
558,311,5.99,0.39,6,0.19737116,0.19741955,0.19872393,0.2022133,0.20885746
559,887,9.35,0.43,9,0.19850342,0.19867344,0.2000911,0.20389302,0.2112373
560,864,8.07,0.35,18,0.21429004,0.24242884,0.2700622,0.29153449,0.3063672
561,278,9.69,0.4,17,0.20439708,0.22205893,0.2465042,0.27049379,0.28997992
562,360,8.07,0.14,19,0.21768296,0.24810428,0.27573793,0.29612193,0.30968468
563,762,2.33,0.21,9,0.23919541,0.27021725,0.29310041,0.30814331,0.31742497
564,148,8.52,0.37,5,0.1974673,0.19678949,0.19632447,0.19601873,0.19587262
565,620,2.6,0.43,16,0.27669929,0.30219225,0.31588427,0.3229733,0.32655543
566,285,3.45,0.5,16,0.26041872,0.29052877,0.30852529,0.31863653,0.32411166
567,957,6.63,0.38,9,0.19911261,0.20298302,0.21217135,0.22698899,0.24546868
568,608,7.54,0.48,17,0.21444856,0.2421693,0.26957412,0.29102659,0.30594094
569,974,7.17,0.18,13,0.20438131,0.22021882,0.24282904,0.26609481,0.28584374
570,834,9.44,0.34,13,0.19999271,0.20585218,0.21871666,0.23739965,0.25813496
571,279,6.32,0.23,15,0.21607917,0.24377773,0.27072698,0.29173689,0.30633992
572,150,9.84,0.33,7,0.1981545,0.19777641,0.19759975,0.19772911,0.19844248
573,476,8.5,0.44,20,0.21800571,0.24908269,0.27685397,0.29707899,0.31040093
574,104,9.39,0.32,6,0.19788608,0.19738287,0.19705888,0.19690608,0.19700494
575,718,9.33,0.28,13,0.20008346,0.20627464,0.21960085,0.23864049,0.25948359
576,519,1.22,0.21,19,0.31026346,0.32147639,0.32633945,0.32843543,0.32933403
577,772,1.78,0.38,19,0.30113365,0.31685261,0.32407404,0.32735151,0.3288247
578,137,4.29,0.4,19,0.26067761,0.29121012,0.30915993,0.3191037,0.32441927
579,89,7.44,0.32,5,0.1972153,0.19656732,0.19616616,0.19600992,0.19621336
580,773,2.28,0.43,9,0.24060857,0.27165907,0.29424663,0.30895152,0.31795605
581,361,6.76,0.2,17,0.22061573,0.25124417,0.27822125,0.2978373,0.31078417
582,141,4.9,0.24,12,0.21550655,0.24163377,0.26792591,0.28909517,0.30421131
583,677,1.91,0.13,13,0.27806037,0.30278611,0.31611162,0.32304368,0.32656642
584,763,2.8,0.11,20,0.28744817,0.30921867,0.32004143,0.32529593,0.32780374
585,146,6.35,0.12,14,0.21183786,0.23631084,0.26276183,0.28495724,0.30122635
586,421,8.89,0.43,11,0.19915414,0.20192284,0.20944536,0.22268843,0.24032697
587,139,4.79,0.32,7,0.19879724,0.20352795,0.21378668,0.22938629,0.24809176
588,341,7.31,0.4,20,0.22782641,0.26147827,0.28756928,0.30496505,0.31571798
589,835,5.26,0.29,8,0.19960943,0.20574833,0.21814316,0.23577499,0.25556859
590,249,2.84,0.47,19,0.28364204,0.30685542,0.31869312,0.32456464,0.32742078
591,585,9.65,0.11,10,0.19870875,0.1993245,0.20201549,0.20826619,0.21903308
592,307,6.09,0.3,18,0.23187087,0.26521965,0.29030429,0.30676228,0.31682746
593,292,1.72,0.11,19,0.30215503,0.31739212,0.32434727,0.32748592,0.32888941
594,515,9.37,0.21,15,0.20208243,0.2143189,0.2346018,0.25766228,0.27858919
595,288,2.14,0.28,10,0.2529457,0.28337778,0.30316048,0.31503822,0.32185278
596,238,6.43,0.3,17,0.2237145,0.25529693,0.28183494,0.30056262,0.31265981
597,149,1.06,0.17,13,0.30067958,0.31643135,0.32378428,0.32717591,0.32872567
598,241,8.87,0.25,13,0.20055748,0.2082996,0.22361376,0.24402788,0.26514229
599,368,7.16,0.47,5,0.19714486,0.1965093,0.19613932,0.19606305,0.19644904
600,605,1.08,0.21,9,0.28250279,0.30535168,0.31748597,0.32374545,0.32691206
601,372,1,0.47,13,0.30236556,0.31734107,0.324254,0.32741132,0.32884111
602,865,9.11,0.39,19,0.21120849,0.23777958,0.26557301,0.28797941,0.30383218
603,122,9.77,0.39,13,0.19975804,0.20470309,0.21623275,0.23381631,0.25415393
604,482,6.75,0.34,18,0.22492772,0.25723352,0.28368965,0.30201733,0.3136873
605,37,2.03,0.3,16,0.28819976,0.30945249,0.32008678,0.32528448,0.32778242
606,105,9.06,0.49,5,0.19758467,0.19689744,0.19641552,0.19607996,0.19586879
607,438,7.81,0.49,13,0.2024386,0.21480245,0.23481365,0.25750309,0.27819411
608,273,9.7,0.24,9,0.19851312,0.1985634,0.19961329,0.20265763,0.20884017
609,483,9.64,0.23,14,0.20058846,0.20856871,0.22436475,0.24521535,0.26650745
610,293,6.5,0.35,18,0.22743181,0.26023935,0.28623693,0.30387277,0.31492996
611,592,1.52,0.25,11,0.27880148,0.30312652,0.3162509,0.32309228,0.32657829
612,109,8.71,0.3,19,0.21344889,0.24160342,0.26947433,0.29117359,0.30616411
613,116,3.89,0.26,9,0.21038086,0.23192486,0.25668651,0.2788658,0.29606386
614,253,2.02,0.14,8,0.23943623,0.27027803,0.29304838,0.30805048,0.3173315
615,418,6.92,0.32,7,0.19787743,0.19807663,0.19966547,0.20371357,0.21124954
616,369,4.99,0.22,18,0.24581578,0.27883744,0.3006189,0.31372078,0.32121308
617,972,9.99,0.36,9,0.19852472,0.19850023,0.19930805,0.2018252,0.20714805
618,118,7.11,0.29,18,0.22161065,0.25302798,0.28001935,0.29929215,0.31183525
619,594,9.06,0.44,7,0.19806958,0.19773246,0.19768553,0.19817426,0.19967775
620,776,5.59,0.29,15,0.22314528,0.25377499,0.2801479,0.29913275,0.31159574
621,316,3.15,0.27,20,0.28207306,0.30596118,0.31821358,0.32431725,0.32729669
622,168,3.74,0.21,6,0.19901845,0.20571635,0.21853722,0.23623017,0.25581582
623,164,4.69,0.33,7,0.19896053,0.20418429,0.21516678,0.23144561,0.25051832
624,658,8.09,0.29,14,0.20350283,0.21822996,0.24027112,0.2636188,0.28380036
625,720,5.65,0.3,9,0.20052767,0.20854668,0.22347149,0.24310803,0.26360459
626,132,8.93,0.48,16,0.20483755,0.22265351,0.24698494,0.27078211,0.29011575
627,362,8.71,0.32,18,0.21054486,0.23599089,0.26341537,0.28603685,0.3023195
628,504,7.69,0.29,20,0.22438179,0.25742689,0.2841994,0.30254755,0.31412009
629,745,9,0.2,17,0.2067033,0.22764847,0.253631,0.27726104,0.29547497
630,275,4.97,0.15,19,0.25078882,0.28335604,0.30389114,0.31585375,0.32251814
631,688,4.51,0.15,5,0.19652464,0.19696221,0.19941915,0.20496821,0.21437234
632,373,9.91,0.14,16,0.20235609,0.21562776,0.23695755,0.26046011,0.2812369
633,574,2.17,0.45,6,0.21548795,0.24017319,0.26523107,0.28603427,0.30140609
634,119,9.87,0.1,15,0.20125524,0.21143415,0.22981463,0.25215048,0.27345264
635,376,6.09,0.11,20,0.24086735,0.27487244,0.29794861,0.31206682,0.32024094
636,575,2.64,0.36,8,0.22286917,0.25104811,0.27640379,0.29555853,0.30869695
637,938,7.03,0.48,14,0.20767558,0.22827794,0.25356907,0.27674162,0.29480495
638,382,4.67,0.19,14,0.22922846,0.26087016,0.28615368,0.30352426,0.31455244
639,883,5.85,0.28,18,0.23465515,0.26815185,0.29261681,0.30836613,0.31786073
640,609,5.02,0.4,18,0.24544238,0.27852514,0.30040443,0.31358665,0.32113388
641,160,4.32,0.3,20,0.2644226,0.29412543,0.31108521,0.32027422,0.32509456
642,57,9.5,0.1,18,0.20698848,0.22886409,0.25538346,0.27901556,0.29694364
643,82,7.62,0.37,17,0.21390359,0.24128158,0.26867926,0.29029593,0.30540742
644,61,3.1,0.24,10,0.22919855,0.25956654,0.2844378,0.30195087,0.31331859
645,780,1.8,0.26,8,0.24658145,0.27718024,0.29836069,0.31171031,0.31969241
646,151,2.64,0.31,14,0.2661892,0.29461155,0.31108131,0.3201346,0.32495211
647,206,6.36,0.39,11,0.20260491,0.21489679,0.23447726,0.25674377,0.27724179
648,158,1.23,0.43,6,0.24919912,0.27914384,0.29956176,0.31236175,0.32001101
649,169,6.35,0.11,15,0.21582801,0.24338622,0.27033705,0.29141955,0.30610831
650,973,6.27,0.46,18,0.22986172,0.2630035,0.28851056,0.30549544,0.3159993
651,264,9.51,0.18,12,0.19936973,0.20277889,0.21162356,0.22648445,0.24531579
652,100,3.21,0.33,7,0.2064857,0.22418026,0.24685632,0.26916498,0.28781673
653,721,9.49,0.23,20,0.21191186,0.23960308,0.26770363,0.28985509,0.30526808
654,346,4.63,0.46,11,0.21320552,0.23752794,0.26341311,0.28514936,0.30116665
655,786,8.69,0.41,10,0.19880486,0.20033411,0.20522419,0.21493753,0.22950159
656,101,7.8,0.37,15,0.20681137,0.22684301,0.25206871,0.27548848,0.29387773
657,800,5.51,0.49,20,0.24806131,0.28129168,0.30254867,0.31504425,0.32205313
658,172,5.12,0.33,10,0.20512196,0.22127858,0.24356857,0.26634235,0.28573856
659,350,9.51,0.35,13,0.19993515,0.20558792,0.21816765,0.2366328,0.25730489
660,207,9.13,0.29,10,0.19874324,0.19977737,0.20352728,0.21153173,0.22434152
661,133,5.47,0.48,11,0.20657328,0.22478028,0.24841843,0.27134766,0.29009702
662,784,1.38,0.28,10,0.27699811,0.30173423,0.31532224,0.32251898,0.32624151
663,982,1.04,0.22,18,0.31189593,0.32225347,0.3267011,0.32860093,0.32940878
664,439,8.47,0.14,17,0.20901657,0.2324976,0.25929532,0.28234139,0.29943959
665,920,6.68,0.29,14,0.20964707,0.23226075,0.25825549,0.28100586,0.29818006
666,593,7.59,0.12,6,0.19760342,0.19718685,0.19711489,0.19763374,0.19921828
667,939,8.06,0.2,5,0.19736285,0.19669531,0.19625017,0.19598643,0.1959383
668,873,9.92,0.43,15,0.20118569,0.21117232,0.22935849,0.2516062,0.27293239
669,377,1.82,0.22,11,0.26936982,0.29651498,0.31211903,0.32066804,0.32521386
670,588,1.24,0.2,18,0.30824546,0.32047153,0.32585362,0.32820558,0.3292271
671,17,6.38,0.45,11,0.20254217,0.21471462,0.23419134,0.25642012,0.27694066
672,497,9.39,0.26,10,0.19872246,0.19952973,0.20271633,0.20980692,0.22158062
673,543,7.05,0.2,7,0.19788165,0.1980019,0.19937554,0.20301565,0.20996425
674,689,1.3,0.4,8,0.2657652,0.29334654,0.30982084,0.31915241,0.32427115
675,419,9.49,0.41,13,0.19995385,0.20566729,0.21832431,0.23684262,0.25752399
676,576,4.91,0.37,20,0.25603996,0.28780698,0.30698466,0.31780925,0.32368413
677,633,8,0.27,19,0.21819775,0.24884323,0.27642419,0.29665156,0.31005507
678,758,5.34,0.39,16,0.23111856,0.26368974,0.28878022,0.30555319,0.3159712
679,528,9.54,0.26,7,0.1981218,0.19775666,0.19761853,0.19785728,0.19881964
680,383,4.5,0.12,5,0.19652434,0.19697715,0.19946924,0.20507677,0.21455526
681,186,4.57,0.25,12,0.21922063,0.24726376,0.27354562,0.29370532,0.30760587
682,131,4.58,0.13,19,0.25640476,0.2879244,0.30699991,0.31779206,0.32366221
683,69,1.94,0.3,20,0.30068276,0.3166357,0.32397262,0.32730507,0.32880378
684,550,9.42,0.11,7,0.19810905,0.19775008,0.19763174,0.19792541,0.1990085
685,184,7.09,0.33,11,0.20082041,0.20924076,0.22498731,0.24540978,0.26626385
686,768,1.21,0.28,8,0.2697568,0.2963672,0.31181828,0.3203823,0.32499477
687,781,9.83,0.49,18,0.20580814,0.22616303,0.25209843,0.27600215,0.29455786
688,921,2.56,0.39,6,0.20813559,0.22769679,0.251177,0.27326392,0.29117328
689,265,8.98,0.29,17,0.20678656,0.22781622,0.25382162,0.27742774,0.29560192
690,757,7.85,0.11,10,0.19907114,0.20206019,0.20985666,0.2232861,0.24095019
691,625,9.32,0.33,6,0.19787552,0.19737409,0.19705367,0.1969101,0.19703167
692,352,7.64,0.23,18,0.21730221,0.24704618,0.27453274,0.2950839,0.30890379
693,855,8.29,0.42,5,0.197416,0.19674299,0.19628709,0.19600001,0.19589715
694,980,2.53,0.19,14,0.26867043,0.29642963,0.31224677,0.32083045,0.32534881
695,390,8.36,0.2,5,0.19743196,0.1967574,0.19629859,0.19600548,0.19588864
696,782,9.2,0.33,11,0.19905516,0.20128127,0.20774905,0.2197094,0.23637065
697,561,9.16,0.15,8,0.19829201,0.19815067,0.1986342,0.20040318,0.20438563
698,964,7.58,0.35,8,0.19823963,0.19875915,0.20115554,0.20673245,0.21644798
699,384,1.91,0.4,8,0.24275424,0.27348549,0.29551038,0.30973969,0.31841604
700,409,9.95,0.32,8,0.19835039,0.19810537,0.19823199,0.19912596,0.2014632
701,630,6.18,0.49,8,0.19857774,0.20126681,0.20828785,0.22054992,0.23712135
702,534,9.99,0.19,15,0.2010918,0.21081347,0.22872722,0.2508474,0.27220324
703,267,2.31,0.37,8,0.23084229,0.26087756,0.28521831,0.30233258,0.31346331
704,764,6.42,0.35,15,0.21525351,0.24247975,0.26942769,0.29067599,0.3055637
705,535,8.99,0.16,20,0.21476664,0.24426462,0.27231705,0.29355307,0.30792444
706,577,9.75,0.34,20,0.21059354,0.23728717,0.26532026,0.2878984,0.30383848
707,572,6.15,0.38,8,0.19859555,0.20136352,0.20852914,0.22096534,0.23767408
708,788,7.69,0.22,9,0.19861367,0.20015161,0.20497713,0.21448371,0.22873731
709,192,7.77,0.37,8,0.19823583,0.19861811,0.20065206,0.20557715,0.21442721
710,319,4.49,0.28,8,0.20186805,0.21293977,0.23086647,0.2520374,0.27237215
711,125,8.54,0.46,14,0.2023567,0.21485531,0.23517504,0.25810934,0.27887796
712,394,8.72,0.46,10,0.19879951,0.20029037,0.20509514,0.21468561,0.22913013
713,919,2.89,0.28,11,0.24114555,0.27269465,0.29530089,0.30981365,0.3185867
714,156,1.6,0.41,19,0.3041933,0.31845315,0.32487845,0.32774469,0.32901292
715,185,1.3,0.45,15,0.30032842,0.31629514,0.32373677,0.32716206,0.32872327
716,358,3.16,0.33,5,0.19791235,0.20393411,0.21577752,0.23254617,0.25164597
717,517,8.23,0.37,10,0.19891906,0.20114904,0.20750509,0.21919604,0.23552817
718,573,8.85,0.14,11,0.19916897,0.20201432,0.20968127,0.22309349,0.24085387
719,702,9.85,0.26,12,0.19924743,0.202013,0.20967183,0.22320741,0.24116251
720,258,3.09,0.26,9,0.22183272,0.24993456,0.27554232,0.29498947,0.30835668
721,740,3.77,0.3,5,0.19677556,0.19916322,0.20549524,0.21655754,0.23178322
722,792,5,0.4,20,0.25484832,0.28688023,0.30637261,0.31743664,0.32346871
723,949,1.6,0.23,20,0.30608589,0.3194352,0.32536878,0.32798294,0.32912634
724,147,2.62,0.17,11,0.24761706,0.27886992,0.29998822,0.31300135,0.32061697
725,505,3.97,0.12,15,0.24583096,0.27812814,0.29981871,0.31306826,0.32074968
726,719,1.65,0.13,20,0.30529509,0.31903452,0.32517252,0.32788911,0.3290823
727,988,7.53,0.49,10,0.19925268,0.2030294,0.21220555,0.22714727,0.24581396
728,359,9.59,0.19,15,0.20168554,0.21298774,0.23244889,0.25523085,0.27635493
729,841,4.51,0.22,20,0.26172189,0.29215587,0.30983389,0.3195345,0.32467734
730,190,7.61,0.38,19,0.22125688,0.2530197,0.28019994,0.29951534,0.31203161
731,769,3.19,0.16,16,0.26528429,0.29421107,0.31093095,0.32009279,0.324951
732,364,7.81,0.31,5,0.19730455,0.19664388,0.19621332,0.19598387,0.19601663
733,699,9.03,0.33,5,0.19757826,0.19689149,0.1964104,0.19607614,0.19586762
734,370,8.21,0.48,11,0.19950522,0.20384215,0.21408284,0.23021718,0.24965978
735,465,5.49,0.48,8,0.19924055,0.20430033,0.21517399,0.23147985,0.25066673
736,940,6.56,0.17,14,0.21040287,0.23370807,0.25990101,0.28246972,0.2993206
737,708,2.22,0.19,14,0.27562904,0.30127554,0.31524961,0.32257584,0.32632122
738,157,6.01,0.23,19,0.23737712,0.2712327,0.2951198,0.31013199,0.31901134
739,463,4.37,0.32,11,0.21603157,0.24209828,0.26819408,0.28920344,0.30422698
740,992,6.18,0.26,8,0.19857774,0.20126681,0.20828785,0.22054992,0.23712135
741,963,4.36,0.27,14,0.23372737,0.26589336,0.29029738,0.30650169,0.31652984
742,567,8.54,0.19,15,0.20409227,0.22025024,0.24343349,0.2670714,0.28689517
743,994,6.41,0.17,7,0.19788245,0.19850461,0.20117616,0.20715242,0.2172664
744,798,8.71,0.36,10,0.19880127,0.20030484,0.20513791,0.21476924,0.22925363
745,102,2.89,0.43,6,0.20407171,0.21924855,0.24014349,0.26207536,0.28143716
746,989,6,0.3,8,0.19869602,0.20188748,0.20980867,0.22312644,0.2404993
747,928,7.01,0.14,20,0.23076425,0.26474957,0.29021348,0.30682653,0.31693044
748,461,6.16,0.49,12,0.20605633,0.2239409,0.24759404,0.27071508,0.2896748
749,978,5.55,0.31,16,0.22856433,0.26080507,0.28640145,0.30384871,0.31484318
750,198,3.37,0.42,11,0.23119538,0.26215241,0.28678027,0.30375324,0.31458476
751,935,8.41,0.13,8,0.19824888,0.19830821,0.19942697,0.20257997,0.20885758
752,598,9.82,0.3,19,0.20792371,0.2314746,0.25870243,0.28211631,0.29942347
753,251,6.72,0.32,11,0.20159941,0.21185901,0.22956346,0.25104818,0.2718503
754,589,2.34,0.12,7,0.22084844,0.24802634,0.27329145,0.29290603,0.30666758
755,365,7.31,0.44,5,0.19718283,0.19654025,0.19615235,0.19602992,0.19631105
756,760,9.2,0.29,11,0.19905516,0.20128127,0.20774905,0.2197094,0.23637065
757,746,2.73,0.43,8,0.22095612,0.24843421,0.27390189,0.29354575,0.30722965
758,481,1.81,0.29,7,0.23626035,0.26662558,0.28988424,0.30566159,0.31566616
759,975,2.88,0.16,17,0.27548775,0.30146497,0.31547842,0.32275666,0.3264434
760,317,9.51,0.35,16,0.20321675,0.21827204,0.2409223,0.26467802,0.28494737
761,398,8.22,0.31,19,0.21661506,0.24653734,0.27426532,0.29497673,0.3088793
762,570,7.92,0.33,15,0.20630117,0.22568556,0.25061827,0.27411662,0.29276323
763,330,2.21,0.15,16,0.28445643,0.30716081,0.31878898,0.3245834,0.32741597
764,237,6.86,0.19,16,0.21574065,0.2437095,0.2708734,0.2919628,0.30656015
765,578,9.76,0.26,11,0.19894228,0.20041055,0.20525952,0.21502985,0.22975577
766,996,9.04,0.29,7,0.19806739,0.19773168,0.19768949,0.19819092,0.19972118
767,399,6.14,0.41,7,0.19790877,0.19885776,0.20230043,0.20953613,0.22116235
768,793,5.37,0.39,18,0.24067332,0.27411381,0.29716539,0.31144968,0.3198115
769,552,8.83,0.41,18,0.20993432,0.23484543,0.26217362,0.28497776,0.30152245
770,836,2.26,0.38,12,0.26355392,0.29233209,0.30946787,0.31909796,0.32432433
771,142,3.53,0.32,14,0.24794988,0.27984079,0.30098746,0.31380132,0.32118556
772,709,2.19,0.36,15,0.28086405,0.30482025,0.31740454,0.32380898,0.32699888
773,929,8.17,0.34,7,0.19797473,0.19773665,0.19802448,0.19935291,0.20250159
774,371,6.47,0.34,20,0.2364747,0.27063928,0.29478211,0.30995322,0.31892164
775,579,3.57,0.36,13,0.24097669,0.27308155,0.29584936,0.31031534,0.31897448
776,966,5.06,0.29,14,0.22415733,0.2546992,0.28080402,0.29954731,0.31183988
777,162,7.39,0.47,12,0.201749,0.21243103,0.23072829,0.25261582,0.27348778
778,531,4.52,0.45,6,0.19766237,0.20025407,0.2069612,0.21860282,0.23444786
779,320,4.56,0.33,19,0.2566999,0.28815712,0.30715534,0.31788759,0.32371793
780,161,2.33,0.39,11,0.2549779,0.28527618,0.30458107,0.31599439,0.32245687
781,562,6.85,0.35,6,0.19748484,0.19718246,0.19747699,0.19887448,0.20212829
782,777,4.89,0.28,20,0.25631874,0.28802615,0.3071306,0.31789872,0.32373617
783,653,5.9,0.38,12,0.20749414,0.2270888,0.25158479,0.2745621,0.2928557
784,917,2.42,0.15,15,0.27581185,0.30148288,0.31540919,0.32268203,0.32638646
785,599,2.8,0.14,7,0.21183263,0.23422594,0.25891921,0.28059672,0.29724543
786,737,1.75,0.43,10,0.26487123,0.29302552,0.30978532,0.31922303,0.32436184
787,501,4.95,0.19,9,0.20280444,0.21536019,0.23479575,0.25673145,0.27696551
788,586,5.39,0.25,16,0.23049161,0.26298647,0.28820195,0.30513939,0.31569755
789,166,4.98,0.4,12,0.21469523,0.24032627,0.26657022,0.28795439,0.30335539
790,321,3.3,0.29,14,0.25233349,0.28363691,0.30368584,0.31554398,0.32224675
791,176,6.02,0.42,14,0.21438596,0.24066731,0.26738025,0.28888153,0.30418504
792,595,8.49,0.2,6,0.19774818,0.19727375,0.19702069,0.19705993,0.19761405
793,331,4.55,0.38,5,0.19652639,0.196905,0.19922519,0.20454489,0.2136546
794,388,1.34,0.39,14,0.29635517,0.31406226,0.32254749,0.32655055,0.32841676
795,223,5.24,0.23,19,0.24711692,0.28023488,0.30171294,0.31447025,0.32168889
796,571,2.08,0.34,13,0.27401452,0.30008006,0.31447963,0.32211511,0.32605831
797,83,3.68,0.23,16,0.25636709,0.28735531,0.30640889,0.31733539,0.32335199
798,239,2.65,0.39,16,0.27569389,0.30151956,0.31547896,0.3227431,0.3264298
799,984,6.39,0.11,14,0.21155441,0.23580203,0.26220608,0.28447568,0.3008581
800,837,3.7,0.24,15,0.2505999,0.28236603,0.30287628,0.31506446,0.32197603
801,378,9.93,0.43,10,0.19870178,0.19915057,0.20138436,0.20681485,0.21652914
802,315,3.5,0.37,18,0.26894948,0.29711028,0.31286509,0.32127753,0.32563877
803,761,2.74,0.3,14,0.26396696,0.29294591,0.30999772,0.31948009,0.32457528
804,555,4.28,0.39,20,0.26501161,0.29455203,0.31135524,0.32043344,0.32518416
805,731,6.56,0.49,18,0.22681606,0.2595137,0.28562815,0.30343234,0.31463654
806,950,7.77,0.3,15,0.20694369,0.22713771,0.25243366,0.27583092,0.29415437
807,596,7.3,0.32,9,0.19872913,0.20093228,0.20712728,0.21848532,0.23442635
808,951,2.81,0.22,10,0.23539321,0.26651344,0.29026015,0.30620241,0.31618651
809,159,5.8,0.38,19,0.23989839,0.27366445,0.2969422,0.31135051,0.31977318
810,770,6.46,0.16,16,0.21908602,0.2486663,0.27563944,0.29574532,0.30926736
811,727,2.52,0.41,9,0.2342821,0.26508294,0.28896787,0.30520826,0.31548711
812,659,3.02,0.16,19,0.28078649,0.30508764,0.31768597,0.32401862,0.32713478
813,303,2.78,0.22,12,0.25077998,0.28189024,0.30227228,0.31454818,0.32159804
814,901,3.82,0.35,14,0.24260924,0.27489411,0.29732378,0.31136132,0.31966105
815,580,4.72,0.38,17,0.24476333,0.27765789,0.29967665,0.31306665,0.3207934
816,787,9.61,0.37,17,0.20462822,0.22266425,0.24731237,0.27128445,0.2906352
817,5,1.15,0.47,16,0.30612816,0.31937305,0.32530431,0.32793803,0.32909935
818,946,6.67,0.17,15,0.21332835,0.2393516,0.26623538,0.28803791,0.30361729
819,643,7.62,0.42,6,0.19760834,0.19718892,0.19710768,0.19760278,0.19913873
820,893,1.75,0.49,8,0.2483898,0.27886733,0.29963435,0.31257688,0.32024632
821,722,6.71,0.42,20,0.23386944,0.26801892,0.29277732,0.30859427,0.31806288
822,765,2.02,0.16,6,0.21926323,0.24578392,0.27098459,0.29092165,0.30513136
823,564,9.36,0.37,13,0.20005797,0.20615725,0.21935683,0.2383,0.2591152
824,581,8.04,0.29,5,0.19735817,0.19669115,0.19624704,0.19598562,0.19594296
825,655,6.19,0.11,20,0.23968411,0.27375708,0.2971245,0.31152154,0.319903
826,785,3.72,0.43,6,0.19907929,0.20592482,0.218933,0.23677446,0.25641737
827,967,1.53,0.25,17,0.30105163,0.31676273,0.32400969,0.32731202,0.32880239
828,794,5.91,0.46,8,0.19877284,0.20225085,0.21064915,0.22448182,0.24220025
829,374,8.19,0.3,8,0.19824048,0.19838921,0.19977319,0.20346394,0.21056328
830,379,9.08,0.48,20,0.21421952,0.24342035,0.27150744,0.2929175,0.30747507
831,926,8.35,0.27,5,0.19742968,0.19675535,0.19629694,0.19600467,0.19588975
832,749,6.67,0.35,8,0.19836814,0.19999756,0.2049503,0.21452501,0.22873345
833,551,4.02,0.21,6,0.19832108,0.20319109,0.21355208,0.22912784,0.24772372
834,723,3.25,0.37,18,0.27310948,0.29997191,0.31461859,0.32228588,0.32619456
835,590,9.59,0.19,19,0.20889593,0.23344807,0.26091991,0.28404487,0.30089302
836,985,9.21,0.41,13,0.20019122,0.20676099,0.22059867,0.24001769,0.26096106
837,441,7.26,0.43,16,0.21284932,0.23901264,0.26611195,0.28805257,0.30369051
838,711,3.82,0.17,10,0.21709156,0.243401,0.26931759,0.2900237,0.30477194
839,960,3.51,0.22,14,0.24833163,0.28018222,0.30123509,0.31396369,0.32128572
840,170,5.72,0.11,5,0.19676227,0.19630952,0.19648054,0.19770792,0.20066458
841,583,6.75,0.17,7,0.19787338,0.19818814,0.20008684,0.20471304,0.2130642
842,529,5.98,0.42,19,0.23770732,0.27153879,0.29534264,0.31027741,0.31910029
843,795,8.86,0.42,5,0.19754227,0.19685823,0.19638201,0.19605597,0.19586495
844,955,5.31,0.24,15,0.22635763,0.25779994,0.28368096,0.30177723,0.31340762
845,783,6.85,0.38,11,0.20130245,0.21088615,0.22789581,0.24902595,0.26987052
846,493,4.21,0.41,11,0.21798725,0.24509225,0.27121936,0.2917112,0.30608972
847,597,4.21,0.44,10,0.21236074,0.23575069,0.26125149,0.28312586,0.29952465
848,128,9.17,0.27,17,0.20606859,0.22619182,0.25183619,0.27559483,0.29414293
849,326,9.75,0.42,14,0.20047204,0.20807633,0.22341888,0.24398871,0.26525745
850,705,7.36,0.33,5,0.19719537,0.19655064,0.19615741,0.19602135,0.19627125
851,180,9.09,0.11,5,0.19759107,0.19690337,0.19642065,0.19608381,0.19587008
852,194,2.17,0.42,20,0.29727695,0.31481627,0.32304357,0.32684503,0.32858111
853,961,7.56,0.26,18,0.21790979,0.24793353,0.27536925,0.29573694,0.30936477
854,391,7.64,0.15,5,0.19726352,0.19660825,0.1961896,0.19598913,0.19608996
855,355,4.69,0.46,12,0.21779969,0.24517372,0.27149881,0.29204789,0.30639734
856,328,3.1,0.23,10,0.22919855,0.25956654,0.2844378,0.30195087,0.31331859
857,751,1.21,0.21,11,0.28839057,0.309225,0.31981223,0.32507052,0.32764024
858,693,5.99,0.33,7,0.19793808,0.19911803,0.20306888,0.2110757,0.22354849
859,697,2.11,0.45,5,0.20739651,0.22677665,0.25001772,0.27200672,0.2899864
860,477,8.66,0.47,12,0.19989618,0.20547735,0.21777133,0.23586699,0.25629306
861,687,4.32,0.49,9,0.20649732,0.22421274,0.24724422,0.26987078,0.28864776
862,110,9.99,0.37,13,0.19963344,0.20403734,0.2147165,0.2315317,0.25152562
863,819,9.71,0.46,18,0.20621868,0.22712544,0.25328555,0.27710091,0.29543313
864,199,8.59,0.47,6,0.1977634,0.19728485,0.19701986,0.19702641,0.19750597
865,327,8.74,0.15,15,0.20352284,0.21868263,0.24120784,0.26478029,0.28492115
866,173,6.34,0.3,14,0.21190956,0.23643871,0.26290093,0.28507746,0.3013181
867,363,8.1,0.14,9,0.19854477,0.1995643,0.20321887,0.21097214,0.22339912
868,386,3.96,0.32,13,0.23403114,0.2659048,0.29016732,0.30634132,0.316389
869,789,6.31,0.11,5,0.19692229,0.19635593,0.19618625,0.1966177,0.19807423
870,591,4.69,0.12,10,0.20796979,0.22750662,0.25164256,0.27431871,0.29247638
871,944,7.33,0.25,11,0.20042962,0.2077939,0.22227858,0.24188156,0.26261617
872,115,4.43,0.33,9,0.20570468,0.22245627,0.24492051,0.26753057,0.28663842
873,906,9.01,0.34,9,0.19849935,0.1988218,0.20068437,0.20535578,0.21395429
874,111,9.65,0.15,15,0.20158722,0.21264211,0.23187309,0.2545664,0.27573483
875,631,7.44,0.32,8,0.19824741,0.19888859,0.2015906,0.20769003,0.21805991
876,553,7.77,0.14,5,0.19729495,0.1966355,0.19620756,0.19598443,0.19603204
877,587,8.59,0.31,20,0.21737643,0.24818157,0.27602267,0.29644132,0.30995739
878,565,7.41,0.45,12,0.20170476,0.21228715,0.23048726,0.25233076,0.27321466
879,563,3.19,0.24,18,0.27414745,0.30067463,0.31504486,0.32252908,0.32632772
880,871,2.56,0.24,13,0.26236755,0.29159402,0.30905449,0.31888069,0.3242156
881,329,4.18,0.38,10,0.21268495,0.2363141,0.26187383,0.28367531,0.29995261
882,387,8.89,0.44,14,0.20166067,0.21257166,0.23146634,0.25388086,0.27495424
883,941,9.51,0.2,19,0.20925387,0.23415109,0.26169514,0.2847112,0.30139658
884,395,3.15,0.28,12,0.24264863,0.27444577,0.29677719,0.31089203,0.31931304
885,930,5.49,0.44,5,0.19670294,0.19632769,0.19672332,0.1984377,0.20223734
886,931,9.3,0.14,11,0.19903,0.20110229,0.20725481,0.21880866,0.23513416
887,912,6.56,0.43,17,0.22246319,0.25370868,0.28044328,0.29952577,0.31195308
888,958,7.45,0.17,7,0.19790837,0.19785213,0.19871293,0.2013132,0.20664752
889,380,7.81,0.35,17,0.21267122,0.23921293,0.26655766,0.28854434,0.30411808
890,741,1.92,0.15,16,0.29019397,0.31061434,0.32072061,0.32561628,0.3279511
891,774,3.07,0.15,5,0.19822531,0.2050183,0.21785518,0.23544842,0.25491419
892,392,3.43,0.21,20,0.27770192,0.30318749,0.31660544,0.32343292,0.3268278
893,801,7.27,0.41,11,0.20052027,0.20813855,0.22293604,0.24275128,0.26352618
894,703,1.37,0.2,17,0.30376607,0.3181712,0.32471316,0.32765412,0.32896546
895,775,1.53,0.47,20,0.30719033,0.31998961,0.3256383,0.32811098,0.32918609
896,356,9.74,0.29,19,0.20825249,0.23215293,0.25947169,0.28278919,0.29993824
897,396,7.13,0.36,16,0.21374091,0.24051628,0.26766944,0.28934969,0.30465232
898,753,6.12,0.38,11,0.2034353,0.21721576,0.23801527,0.26066362,0.28083204
899,165,6.65,0.44,11,0.20177219,0.21240915,0.23048688,0.25214931,0.27291476
900,790,6.54,0.41,18,0.22702027,0.25975529,0.28583126,0.30357949,0.31473469
901,196,4.42,0.47,14,0.23281529,0.26489665,0.28948476,0.30592221,0.31614722
902,49,5.55,0.35,14,0.2187067,0.24729555,0.27396161,0.29423699,0.30809633
903,335,4.1,0.14,5,0.19657965,0.19786173,0.20212345,0.21044411,0.22304985
904,759,2.33,0.33,14,0.27304745,0.29949894,0.31415668,0.32194404,0.32597081
905,965,2.71,0.32,9,0.22965968,0.25980122,0.28447024,0.30187963,0.31321467
906,332,5.98,0.36,16,0.22374486,0.25492222,0.28132932,0.3001007,0.31230147
907,347,9.61,0.16,8,0.19832434,0.19811497,0.19836629,0.19957767,0.20253512
908,123,4.3,0.13,18,0.25600441,0.2874183,0.30658814,0.31750663,0.32348074
909,621,4.63,0.35,13,0.2240954,0.25424892,0.2802289,0.29902418,0.31143151
910,796,9.97,0.3,8,0.19835194,0.19810513,0.19822547,0.19910304,0.20140745
911,799,8.11,0.27,16,0.20804355,0.23000104,0.25615725,0.27940829,0.29708612
912,778,6.53,0.44,13,0.20723085,0.22691445,0.25163798,0.27477955,0.29313154
913,747,7.68,0.25,9,0.19861588,0.20016845,0.20502575,0.21457784,0.2288761
914,337,2.36,0.15,6,0.21150262,0.2336644,0.25810004,0.27968067,0.29638533
915,333,2.88,0.26,12,0.24846179,0.27982418,0.30077081,0.31356016,0.32098603
916,779,8.7,0.39,18,0.21059698,0.23608729,0.26351904,0.28612482,0.30238546
917,366,9.48,0.17,12,0.19938494,0.20286051,0.21181442,0.22678291,0.24567181
918,913,1.75,0.15,8,0.24838979,0.2788673,0.29963434,0.31257688,0.32024632
919,986,1.43,0.16,9,0.26831635,0.29539957,0.31123819,0.32005614,0.32481928
920,91,1.95,0.21,9,0.25039846,0.28085764,0.30119563,0.31367099,0.32096356
921,309,4.22,0.4,16,0.24723821,0.2796438,0.30102042,0.31390275,0.32128684
922,121,9.89,0.4,9,0.19852047,0.19851976,0.19940561,0.20209524,0.20770397
923,99,9.38,0.28,6,0.19788457,0.19738162,0.19705812,0.1969066,0.19700861
924,771,8.58,0.48,7,0.1980177,0.19772327,0.19782139,0.19868652,0.20095442
925,163,1.38,0.17,15,0.29845737,0.31526981,0.32320141,0.32689141,0.32858965
926,791,2.27,0.15,7,0.22257162,0.25038411,0.27556582,0.29475154,0.30802431
927,797,9.38,0.14,17,0.20534803,0.22446373,0.24964903,0.27352855,0.29247093
928,344,9.35,0.38,14,0.20094402,0.20998183,0.22697423,0.24849708,0.26977612
929,129,8.88,0.29,11,0.1991578,0.20194549,0.20950394,0.22278925,0.24045839
930,987,2.1,0.44,7,0.22718618,0.25633128,0.28108301,0.29910715,0.3111596
931,353,3.18,0.22,20,0.28160276,0.30566771,0.31804545,0.32422568,0.32724854
932,348,2.38,0.15,13,0.2664867,0.29467189,0.31105245,0.32008549,0.32490845
933,976,4.07,0.19,8,0.20410075,0.21876422,0.2396918,0.26195249,0.28163063
934,381,5.6,0.31,8,0.19908762,0.20368083,0.2138749,0.22956069,0.24843717
935,968,4.88,0.49,13,0.22096117,0.25005839,0.27637306,0.29603462,0.30932344
936,193,5.97,0.23,18,0.2332332,0.2666589,0.29144045,0.3075504,0.31733516
937,143,2.31,0.28,17,0.28610627,0.30823405,0.31942184,0.32493599,0.32760499
938,933,7.97,0.46,5,0.19734255,0.19667734,0.19623719,0.19598523,0.19596496
939,126,3.52,0.38,18,0.26861118,0.29687124,0.31271595,0.32119054,0.32559021
940,174,1.67,0.31,17,0.29830024,0.31527358,0.32324063,0.32692721,0.32861427
941,191,1.48,0.39,14,0.29279891,0.31201515,0.32143719,0.32597082,0.3281222
942,993,2.3,0.46,15,0.27843576,0.30323525,0.3164648,0.32328183,0.32671411
943,289,1.72,0.43,9,0.25825614,0.28762612,0.30604665,0.31684229,0.32292302
944,937,7.93,0.22,13,0.20215509,0.21392097,0.23340849,0.25591328,0.27672323
945,127,4.75,0.27,16,0.23911237,0.2720467,0.29538624,0.31015324,0.31894801
946,981,1.79,0.4,7,0.23697211,0.26738923,0.29051552,0.30612123,0.31597692
947,175,9.12,0.38,18,0.20856409,0.23217585,0.25921633,0.28242167,0.29958121
948,969,1.22,0.25,5,0.23686225,0.26689398,0.28978056,0.30536123,0.31531589
949,979,1.46,0.16,12,0.2851567,0.3072628,0.31870564,0.32447354,0.32732799
950,117,5.87,0.27,16,0.22491911,0.2564075,0.28263542,0.30107859,0.31297137
951,134,6.72,0.41,16,0.21685898,0.24542684,0.2725585,0.29331811,0.30753993
952,983,6.23,0.31,14,0.21272049,0.23786253,0.26443492,0.28639469,0.30231879
953,187,1.52,0.2,11,0.27880148,0.30312652,0.31625091,0.32309228,0.32657829
954,188,3.39,0.45,9,0.21678133,0.24261512,0.26830621,0.28905003,0.30396642
955,103,1.9,0.38,11,0.26694055,0.29471357,0.31095031,0.31996176,0.32480618
956,389,4.29,0.21,6,0.1979027,0.20141118,0.2096651,0.22307613,0.24027133
957,827,2.37,0.38,12,0.26067854,0.29008626,0.30796377,0.31816735,0.3237768
958,144,1.83,0.15,16,0.2920938,0.31173082,0.32133458,0.32594013,0.32811693
959,997,2.08,0.39,17,0.29056304,0.31090367,0.32090945,0.32572878,0.32801443
960,259,8.51,0.35,10,0.19884148,0.20061809,0.20604568,0.21651405,0.23178905
961,393,2.29,0.19,19,0.29272586,0.31223752,0.3216661,0.32613686,0.32822694
962,971,8.23,0.49,11,0.19949155,0.2037739,0.21392677,0.22997611,0.24937374
963,33,1.12,0.48,18,0.31043987,0.32155107,0.32637032,0.32844794,0.32933901
964,907,7.51,0.49,15,0.20817461,0.22978115,0.25563286,0.27878754,0.29651769
965,977,4.11,0.12,13,0.23163232,0.26329488,0.28804206,0.30482719,0.31538994
966,351,6.33,0.42,10,0.20077104,0.20914854,0.22465774,0.24479491,0.26548186
967,959,2.58,0.16,19,0.28801116,0.30950486,0.32018132,0.32536242,0.32783465
968,385,7.18,0.27,16,0.21339261,0.2399343,0.26706993,0.28885217,0.30428437
969,197,8.86,0.46,20,0.21558184,0.24552132,0.27352282,0.29450119,0.30859612
970,181,6.77,0.17,14,0.20910862,0.2312011,0.25702964,0.27990271,0.29731348
971,998,2.91,0.42,16,0.27053425,0.29796898,0.3132983,0.32148544,0.32573425
972,995,1.04,0.17,17,0.31030167,0.32147212,0.32632806,0.3284263,0.32932826
973,375,6.08,0.41,17,0.22735132,0.25975563,0.28567284,0.30339141,0.31457308
974,189,8.16,0.4,6,0.19769551,0.19723691,0.1970305,0.19719667,0.19803615
975,947,7.59,0.19,10,0.19921397,0.2028312,0.21173696,0.22639404,0.24488399
976,927,5.62,0.45,17,0.23265565,0.26572153,0.29056838,0.30688478,0.31687656
977,990,3.55,0.23,17,0.26361308,0.29312049,0.31028696,0.31973326,0.32475789
978,345,9.82,0.42,17,0.20403955,0.2210994,0.24520355,0.26920842,0.28890724
979,945,2.24,0.21,9,0.24176275,0.27281674,0.29515731,0.30958873,0.31837216
980,171,5.64,0.12,5,0.19674064,0.19631119,0.19655077,0.19793071,0.20115909
981,349,8.07,0.16,9,0.19854832,0.19960018,0.20333147,0.21120567,0.22376689
982,178,6.56,0.37,9,0.19917167,0.203263,0.21281232,0.22800081,0.24670571
983,367,8.81,0.28,7,0.19804267,0.19772562,0.19774673,0.19841437,0.20028642
984,357,6.52,0.43,5,0.19697795,0.19638759,0.19614568,0.19639799,0.19749199
985,999,3.01,0.42,8,0.21578492,0.24089575,0.2663788,0.28732103,0.30259836
986,397,3.07,0.25,12,0.24436433,0.2760897,0.2980245,0.31173892,0.31985122
987,152,2.99,0.49,20,0.28444392,0.30740657,0.31902779,0.32475451,0.32752379
988,991,7.53,0.17,12,0.20144486,0.21144446,0.2290768,0.25066355,0.27161931
989,177,1.8,0.13,6,0.22573019,0.25426213,0.27897598,0.29730968,0.30977613
990,145,6.53,0.49,9,0.19919841,0.20338753,0.21309432,0.22844159,0.24723994
991,195,8.09,0.22,13,0.20180308,0.21280367,0.23159976,0.25384302,0.27479303
992,167,5.91,0.26,10,0.20182569,0.21253935,0.23049848,0.25196387,0.27259033
993,182,8.32,0.11,18,0.21272714,0.23984111,0.26744736,0.28940096,0.30481159
994,179,6.84,0.33,20,0.23249434,0.26658343,0.29165617,0.30782318,0.31756983
995,154,5.75,0.39,14,0.21676287,0.24439795,0.27113381,0.29196153,0.3064479
996,153,6.58,0.3,20,0.23527892,0.26945891,0.29388894,0.30935269,0.31854471
997,135,4.62,0.22,18,0.25118837,0.28349397,0.30391291,0.31583592,0.32249303
998,155,3.82,0.14,13,0.23642856,0.26846378,0.29223176,0.30780438,0.31735098
999,183,6.81,0.3,12,0.20335057,0.21718229,0.23819362,0.26102964,0.28127251
