index,L,R,P_high,t1,t2,t3,t4,t5
0,8.32,0.16,6,0.22784015,0.32235083,0.32985136,0.32999848,0.33000002
1,9.28,0.33,10,0.29995195,0.32959399,0.32999587,0.32999816,0.32999827
2,3.93,0.13,16,0.32974101,0.32999968,0.32999986,0.32999988,0.32999989
3,6.3,0.3,14,0.32800639,0.32999565,0.32999951,0.32999955,0.32999959
4,8.97,0.42,13,0.32101876,0.32995399,0.32999887,0.32999904,0.32999911
5,7.51,0.27,7,0.27283938,0.32842708,0.32998347,0.32999847,0.32999862
6,3.53,0.45,11,0.32908879,0.32999833,0.32999961,0.32999965,0.32999969
7,6.73,0.45,20,0.32951119,0.32999944,0.32999985,0.32999986,0.32999988
8,4.18,0.35,19,0.32985081,0.32999984,0.32999992,0.32999993,0.32999994
9,7.98,0.19,16,0.32763515,0.32999474,0.32999954,0.32999958,0.32999962
10,8.53,0.38,13,0.32241776,0.32996524,0.32999897,0.32999911,0.32999918
11,1.22,0.49,13,0.32996947,0.32999995,0.32999996,0.32999997,0.32999997
12,1.51,0.18,17,0.32998109,0.32999997,0.32999998,0.32999998,0.32999998
13,8.4,0.16,11,0.31508754,0.32988635,0.32999819,0.32999866,0.32999875
14,2.82,0.21,8,0.32828782,0.32999574,0.32999953,0.32999958,0.32999962
15,5.3,0.13,17,0.32951716,0.32999938,0.32999981,0.32999983,0.32999985
16,7.39,0.12,20,0.32934238,0.3299992,0.32999982,0.32999984,0.32999985
17,7.93,0.37,19,0.32895426,0.32999847,0.32999976,0.32999978,0.3299998
18,4.69,0.19,15,0.32942502,0.32999918,0.32999976,0.32999978,0.32999981
19,2.94,0.26,14,0.32980054,0.32999973,0.32999986,0.32999988,0.32999989
20,8.14,0.12,18,0.32853863,0.32999752,0.32999969,0.32999972,0.32999974
21,1.72,0.46,7,0.32932886,0.32999883,0.32999982,0.32999984,0.32999986
22,7.56,0.47,14,0.32636903,0.32998944,0.32999934,0.3299994,0.32999945
23,2.94,0.32,17,0.32990837,0.32999989,0.32999993,0.32999994,0.32999995
24,2.58,0.32,19,0.32995737,0.32999995,0.32999997,0.32999997,0.32999997
25,7.96,0.17,13,0.32396396,0.32997589,0.32999908,0.32999919,0.32999926
26,6.49,0.15,17,0.32908812,0.32999865,0.32999973,0.32999976,0.32999978
27,8.42,0.3,7,0.2547972,0.32701485,0.3299615,0.32999813,0.32999845
28,7.4,0.33,12,0.32324238,0.32997031,0.32999896,0.3299991,0.32999917
29,6.85,0.46,16,0.32857107,0.32999745,0.32999964,0.32999967,0.3299997
30,2.39,0.36,13,0.32984669,0.32999978,0.32999988,0.32999989,0.3299999
31,3.66,0.25,18,0.32987077,0.32999985,0.32999992,0.32999993,0.32999994
32,8.85,0.45,5,0.2010795,0.29941886,0.32871578,0.32997295,0.33000395
33,9.12,0.14,17,0.32721287,0.32999346,0.32999954,0.32999958,0.32999962
34,1.62,0.35,14,0.32995638,0.32999994,0.32999995,0.32999996,0.32999996
35,9.3,0.33,18,0.32771827,0.32999528,0.32999962,0.32999965,0.32999968
36,9.31,0.3,6,0.21335072,0.31612387,0.329644,0.32999533,0.32999998
37,5.08,0.43,11,0.32712566,0.32999188,0.32999929,0.32999936,0.32999942
38,3.1,0.42,11,0.32938274,0.32999897,0.32999969,0.32999972,0.32999975
39,1.33,0.18,16,0.32998151,0.32999997,0.32999998,0.32999998,0.32999998
40,7.75,0.47,7,0.26808318,0.3281197,0.32997915,0.32999839,0.32999857
41,6.15,0.23,18,0.32940784,0.32999925,0.3299998,0.32999982,0.32999984
42,9.46,0.36,18,0.32758151,0.32999484,0.32999961,0.32999964,0.32999967
43,2.55,0.49,14,0.32986637,0.32999982,0.3299999,0.32999991,0.32999992
44,8.68,0.18,17,0.32763902,0.3299949,0.32999957,0.32999962,0.32999965
45,2.6,0.25,11,0.32962999,0.32999942,0.32999977,0.3299998,0.32999982
46,6.88,0.21,6,0.25847282,0.32727211,0.3299657,0.3299998,0.33000004
47,4.83,0.35,7,0.314324,0.32985926,0.32999853,0.32999916,0.32999923
48,8.08,0.4,7,0.26154837,0.3276349,0.32997188,0.32999827,0.32999851
49,9.3,0.46,6,0.21346587,0.31620247,0.32964702,0.32999539,0.32999998
50,6.48,0.49,10,0.32039864,0.32994427,0.32999862,0.32999886,0.32999894
51,6.82,0.47,11,0.32245534,0.32996356,0.32999884,0.329999,0.32999908
52,4.43,0.33,9,0.32563598,0.3299836,0.32999913,0.32999923,0.3299993
53,7.74,0.21,18,0.32876129,0.32999802,0.32999971,0.32999974,0.32999976
54,4.46,0.24,17,0.32971116,0.32999965,0.32999986,0.32999987,0.32999989
55,1.78,0.47,7,0.32925604,0.32999864,0.32999981,0.32999983,0.32999985
56,7.08,0.22,8,0.29920697,0.3295526,0.32999567,0.32999835,0.32999846
57,7.34,0.18,13,0.32539328,0.32998429,0.3299992,0.32999929,0.32999934
58,2.5,0.34,17,0.3299402,0.32999992,0.32999995,0.32999996,0.32999996
59,1.8,0.32,13,0.32992556,0.32999989,0.32999993,0.32999994,0.32999994
60,7.01,0.28,12,0.32436506,0.32997787,0.32999905,0.32999917,0.32999923
61,8.41,0.17,6,0.22626572,0.32188919,0.32983804,0.32999831,0.33000001
62,2.77,0.19,11,0.32955297,0.32999929,0.32999974,0.32999977,0.32999979
63,8.86,0.49,6,0.21916354,0.31930059,0.3297575,0.32999716,0.33
64,8.72,0.34,20,0.32887547,0.32999837,0.32999977,0.32999979,0.32999981
65,2.75,0.17,16,0.32990288,0.32999988,0.32999993,0.32999993,0.32999994
66,5.88,0.13,10,0.32300825,0.32996676,0.32999885,0.32999901,0.32999909
67,4.39,0.17,7,0.31838092,0.32991484,0.32999892,0.32999927,0.32999933
68,7.3,0.15,15,0.32763565,0.3299946,0.3299995,0.32999955,0.32999959
69,7.53,0.4,10,0.31443342,0.32987474,0.32999806,0.3299986,0.32999869
70,5.04,0.17,11,0.32719969,0.32999219,0.3299993,0.32999937,0.32999943
71,3.44,0.19,9,0.32803449,0.32999496,0.32999943,0.32999949,0.32999954
72,7.96,0.12,14,0.32567767,0.32998613,0.32999928,0.32999936,0.32999941
73,1.13,0.45,13,0.32997441,0.32999996,0.32999997,0.32999997,0.32999998
74,5.19,0.11,16,0.32940901,0.32999918,0.32999977,0.3299998,0.32999982
75,2.72,0.36,17,0.32992553,0.32999991,0.32999994,0.32999995,0.32999995
76,5.6,0.12,10,0.32405331,0.32997441,0.32999895,0.32999908,0.32999915
77,8.21,0.2,10,0.30947222,0.32979668,0.32999747,0.32999843,0.32999853
78,2.9,0.31,17,0.32991168,0.32999989,0.32999993,0.32999994,0.32999995
79,7.49,0.27,10,0.31465962,0.32987739,0.32999807,0.3299986,0.3299987
80,1.68,0.23,13,0.32993763,0.32999991,0.32999994,0.32999994,0.32999995
81,5.71,0.39,14,0.32855148,0.32999723,0.32999958,0.32999962,0.32999965
82,9.97,0.25,12,0.3120226,0.32984642,0.32999799,0.32999864,0.32999872
83,5.72,0.46,16,0.32919929,0.32999882,0.32999973,0.32999976,0.32999978
84,7.9,0.41,7,0.26509053,0.32790391,0.32997595,0.32999834,0.32999854
85,4.57,0.18,8,0.32223732,0.32995806,0.32999892,0.3299991,0.32999917
86,2.69,0.36,10,0.32939773,0.32999896,0.32999969,0.32999973,0.32999975
87,1.1,0.29,14,0.32998113,0.32999997,0.32999998,0.32999998,0.32999998
88,2.19,0.24,16,0.32994521,0.32999993,0.32999995,0.32999996,0.32999996
89,8.07,0.29,5,0.20715258,0.31057816,0.32936456,0.32999189,0.33000431
90,9.9,0.17,15,0.32343803,0.32997378,0.32999918,0.32999928,0.32999934
91,9.26,0.2,16,0.32610991,0.32998884,0.32999941,0.32999948,0.32999952
92,6.14,0.39,6,0.27586867,0.32854549,0.32998578,0.32999997,0.33000004
93,5.31,0.43,11,0.32667229,0.32998987,0.32999924,0.32999932,0.32999938
94,6.05,0.5,17,0.32927338,0.32999899,0.32999977,0.32999979,0.32999981
95,4.38,0.43,14,0.32936762,0.32999905,0.32999973,0.32999976,0.32999978
96,2.17,0.16,19,0.32997139,0.32999996,0.32999998,0.32999998,0.32999998
97,3.84,0.15,11,0.32881024,0.32999764,0.32999955,0.3299996,0.32999964
98,8.13,0.4,12,0.32079123,0.32995092,0.32999877,0.32999896,0.32999904
99,8.7,0.48,12,0.31848245,0.32992866,0.32999858,0.32999886,0.32999894
100,8.44,0.46,6,0.22575233,0.32173062,0.32983336,0.32999824,0.33000002
101,1.37,0.3,7,0.32962609,0.32999944,0.32999988,0.32999989,0.3299999
102,8.77,0.22,7,0.248045,0.32626746,0.32994789,0.32999794,0.32999838
103,7.81,0.3,14,0.3259471,0.32998747,0.3299993,0.32999937,0.32999942
104,8.51,0.14,18,0.3283075,0.32999695,0.32999967,0.3299997,0.32999972
105,2.74,0.12,10,0.3293629,0.32999889,0.32999968,0.32999972,0.32999974
106,5,0.38,11,0.32727232,0.32999249,0.32999931,0.32999938,0.32999944
107,3.13,0.16,13,0.32968159,0.32999955,0.32999981,0.32999983,0.32999985
108,6.72,0.34,5,0.22906252,0.32246402,0.32984431,0.33000212,0.33000404
109,5.06,0.25,14,0.32901586,0.32999835,0.32999966,0.32999969,0.32999972
110,9.24,0.24,5,0.19922663,0.29261861,0.32822955,0.32995664,0.33000349
111,2.23,0.17,20,0.32997458,0.32999997,0.32999998,0.32999998,0.32999998
112,3.29,0.31,13,0.32963053,0.32999947,0.32999979,0.32999981,0.32999983
113,3.3,0.27,10,0.32888643,0.32999776,0.32999956,0.32999961,0.32999965
114,3.67,0.47,17,0.3298353,0.32999981,0.3299999,0.32999991,0.32999992
115,8.99,0.43,5,0.20034814,0.29704171,0.32855157,0.32996756,0.33000381
116,7.9,0.42,12,0.32161221,0.32995784,0.32999883,0.32999901,0.32999908
117,8.51,0.31,15,0.32606388,0.32998835,0.32999936,0.32999943,0.32999947
118,7.46,0.13,16,0.3281085,0.3299962,0.32999959,0.32999963,0.32999966
119,1.61,0.22,8,0.32966373,0.32999948,0.32999982,0.32999984,0.32999986
120,5.59,0.4,10,0.32408847,0.32997466,0.32999895,0.32999908,0.32999916
121,8.91,0.17,13,0.32121918,0.32995569,0.32999888,0.32999905,0.32999912
122,7.37,0.41,15,0.32755862,0.32999432,0.32999949,0.32999954,0.32999958
123,8.39,0.2,17,0.32789026,0.32999567,0.3299996,0.32999964,0.32999967
124,1.12,0.32,9,0.32991198,0.32999986,0.32999992,0.32999993,0.32999994
125,8.08,0.17,10,0.31049499,0.32981441,0.32999761,0.32999846,0.32999856
126,9.92,0.46,7,0.22825891,0.32265656,0.32986548,0.32999689,0.3299982
127,1.99,0.21,20,0.32997982,0.32999998,0.32999998,0.32999998,0.32999999
128,9.08,0.34,9,0.28830623,0.32922244,0.32999243,0.32999792,0.32999805
129,5.6,0.36,5,0.25851099,0.32716696,0.32996399,0.33000328,0.33000346
130,5.01,0.38,9,0.32355643,0.32997,0.32999892,0.32999907,0.32999914
131,6.41,0.32,7,0.29294496,0.32934179,0.32999415,0.32999877,0.32999886
132,6.16,0.11,8,0.30990444,0.32979249,0.32999762,0.32999863,0.32999872
133,3.25,0.23,8,0.3273572,0.32999204,0.32999941,0.32999947,0.32999952
134,9.11,0.46,6,0.21577094,0.31763397,0.3297005,0.32999628,0.32999999
135,7.58,0.1,5,0.21320496,0.31588051,0.32960632,0.32999765,0.33000429
136,3.46,0.34,15,0.32976356,0.32999969,0.32999986,0.32999987,0.32999989
137,5.28,0.38,5,0.26768693,0.32792721,0.32997778,0.33000323,0.33000326
138,4.38,0.16,14,0.32936762,0.32999905,0.32999973,0.32999976,0.32999978
139,4.75,0.22,11,0.3276789,0.32999406,0.32999936,0.32999943,0.32999948
140,4.56,0.49,5,0.28759315,0.32906751,0.32999456,0.33000289,0.33000277
141,2.61,0.23,7,0.32773793,0.32999353,0.32999963,0.32999968,0.32999971
142,7.29,0.45,13,0.32549814,0.32998484,0.32999921,0.32999929,0.32999935
143,7.33,0.15,16,0.32821659,0.32999651,0.3299996,0.32999964,0.32999967
144,9.13,0.22,13,0.32048899,0.32994949,0.32999883,0.32999902,0.32999909
145,6.6,0.24,10,0.31983823,0.32993901,0.32999857,0.32999883,0.32999892
146,5.12,0.31,11,0.32705023,0.32999156,0.32999928,0.32999936,0.32999941
147,6.14,0.42,14,0.3281694,0.32999615,0.32999952,0.32999957,0.32999961
148,3.75,0.44,5,0.30587536,0.32966926,0.33000035,0.33000231,0.33000216
149,2.74,0.41,9,0.32902449,0.32999807,0.32999961,0.32999965,0.32999969
150,3.28,0.17,16,0.32984457,0.3299998,0.3299999,0.32999991,0.32999992
151,4.88,0.33,11,0.32746361,0.32999322,0.32999934,0.3299994,0.32999946
152,10,0.42,14,0.32074137,0.32995285,0.32999893,0.3299991,0.32999917
153,7.94,0.26,10,0.3115191,0.32983072,0.32999773,0.32999849,0.32999859
154,9.97,0.37,6,0.2069948,0.31023722,0.3293925,0.32999069,0.32999991
155,5.05,0.24,15,0.3292791,0.32999893,0.32999973,0.32999975,0.32999978
156,6.21,0.14,17,0.32920964,0.32999888,0.32999975,0.32999978,0.3299998
157,4.12,0.39,18,0.32982065,0.3299998,0.3299999,0.32999991,0.32999992
158,4.96,0.39,18,0.32969146,0.32999964,0.32999986,0.32999988,0.32999989
159,5.91,0.26,16,0.32911032,0.32999864,0.32999972,0.32999974,0.32999977
160,4.6,0.22,12,0.32856675,0.32999708,0.32999953,0.32999957,0.32999961
161,5.61,0.42,15,0.32899589,0.32999836,0.32999967,0.32999971,0.32999973
162,5.67,0.31,5,0.25648987,0.32696553,0.32995994,0.33000328,0.33000351
163,6.77,0.13,9,0.312966,0.32984912,0.32999788,0.32999856,0.32999866
164,3.27,0.16,5,0.31405224,0.32983854,0.33000126,0.33000192,0.33000178
165,7.06,0.18,8,0.29947011,0.32955976,0.32999573,0.32999836,0.32999846
166,6.42,0.43,9,0.31560199,0.32988675,0.32999817,0.32999866,0.32999876
167,9.41,0.34,20,0.32855032,0.32999767,0.32999973,0.32999976,0.32999978
168,1.9,0.39,16,0.32996015,0.32999995,0.32999996,0.32999997,0.32999997
169,2.7,0.33,13,0.32978921,0.3299997,0.32999985,0.32999987,0.32999988
170,7.11,0.13,15,0.3278358,0.32999525,0.32999952,0.32999957,0.32999961
171,7.58,0.29,6,0.24254541,0.3253911,0.32992833,0.32999943,0.33000003
172,4.24,0.21,8,0.32387621,0.3299712,0.32999906,0.3299992,0.32999926
173,6.88,0.46,13,0.32628082,0.32998871,0.32999928,0.32999935,0.32999941
174,8.37,0.22,17,0.32790724,0.32999573,0.3299996,0.32999964,0.32999967
175,2.29,0.24,12,0.32981377,0.32999972,0.32999986,0.32999987,0.32999989
176,6.35,0.33,18,0.32934403,0.32999914,0.32999979,0.32999981,0.32999983
177,8.23,0.16,9,0.29876343,0.32955273,0.32999552,0.32999815,0.32999827
178,9.53,0.32,18,0.32752507,0.32999468,0.3299996,0.32999964,0.32999967
179,6.95,0.42,16,0.32850073,0.32999727,0.32999963,0.32999967,0.3299997
180,6.63,0.49,13,0.32671514,0.32999066,0.32999932,0.32999939,0.32999944
181,7.22,0.14,5,0.21900399,0.31901106,0.32972824,0.33000014,0.33000422
182,9.56,0.23,13,0.31892273,0.32993484,0.32999871,0.32999896,0.32999903
183,7.94,0.31,8,0.28691939,0.3291458,0.32999172,0.3299981,0.32999823
184,4.35,0.3,20,0.32986495,0.32999986,0.32999993,0.32999994,0.32999994
185,2.88,0.32,9,0.32885999,0.32999762,0.32999958,0.32999962,0.32999966
186,2.16,0.2,11,0.32977815,0.32999966,0.32999983,0.32999985,0.32999987
187,7.77,0.39,5,0.21062953,0.31394065,0.32952171,0.32999572,0.33000432
188,8.03,0.46,11,0.31713955,0.32991196,0.32999839,0.32999874,0.32999883
189,5.46,0.18,17,0.32946993,0.32999932,0.3299998,0.32999982,0.32999984
190,4.59,0.39,7,0.31668821,0.3298938,0.32999877,0.32999922,0.32999928
191,7.26,0.18,15,0.32767887,0.32999475,0.3299995,0.32999955,0.32999959
192,2.68,0.29,18,0.32994247,0.32999993,0.32999995,0.32999996,0.32999996
193,7.61,0.43,12,0.32260029,0.32996569,0.32999891,0.32999906,0.32999913
194,6.49,0.48,18,0.32929637,0.32999907,0.32999979,0.32999981,0.32999982
195,8.71,0.14,10,0.30528709,0.32971652,0.32999686,0.3299983,0.32999841
196,6.93,0.26,12,0.32455822,0.32997899,0.32999907,0.32999918,0.32999924
197,7.26,0.18,17,0.32869254,0.32999781,0.32999968,0.32999971,0.32999974
198,3.28,0.21,16,0.32984457,0.3299998,0.3299999,0.32999991,0.32999992
199,5.54,0.21,16,0.32927728,0.32999896,0.32999975,0.32999977,0.32999979
200,8.77,0.14,8,0.27358605,0.32851138,0.32998431,0.32999784,0.32999802
201,5.38,0.16,19,0.32968988,0.32999966,0.32999987,0.32999989,0.3299999
202,4.65,0.22,13,0.32895331,0.32999815,0.32999962,0.32999966,0.32999969
203,7.89,0.19,7,0.26529026,0.3279189,0.32997617,0.32999834,0.32999855
204,6.73,0.34,16,0.32865222,0.32999765,0.32999965,0.32999968,0.32999971
205,3.04,0.42,8,0.32786783,0.32999422,0.32999948,0.32999953,0.32999957
206,9.94,0.22,18,0.327141,0.32999337,0.32999957,0.32999961,0.32999964
207,1.81,0.47,7,0.32921756,0.32999854,0.32999981,0.32999983,0.32999985
208,8.27,0.1,8,0.28177472,0.32892939,0.32998936,0.329998,0.32999814
209,2.46,0.35,17,0.32994132,0.32999992,0.32999995,0.32999996,0.32999996
210,7.6,0.11,14,0.32630377,0.32998913,0.32999933,0.3299994,0.32999945
211,1.11,0.47,20,0.32999367,0.32999999,0.32999999,0.32999999,0.33
212,1.76,0.17,15,0.32995828,0.32999994,0.32999996,0.32999996,0.32999997
213,8.93,0.46,18,0.32800789,0.32999613,0.32999964,0.32999967,0.3299997
214,5.91,0.22,8,0.31231712,0.32983339,0.32999792,0.3299987,0.32999879
215,7.01,0.13,6,0.25547015,0.32699657,0.32996094,0.32999976,0.33000004
216,3.16,0.14,9,0.32850206,0.32999658,0.3299995,0.32999955,0.3299996
217,5.22,0.33,16,0.32939817,0.32999917,0.32999977,0.32999979,0.32999981
218,1.51,0.49,12,0.32993639,0.3299999,0.32999993,0.32999994,0.32999995
219,5.47,0.25,11,0.32632799,0.32998822,0.3299992,0.32999928,0.32999935
220,3.08,0.43,9,0.32861918,0.32999695,0.32999953,0.32999957,0.32999962
221,3.02,0.28,18,0.32992262,0.32999991,0.32999994,0.32999995,0.32999996
222,4.7,0.14,5,0.28387661,0.32889632,0.32999242,0.33000297,0.33000287
223,9.58,0.25,6,0.2104477,0.31392772,0.3295573,0.32999383,0.32999996
224,1.31,0.3,13,0.32996388,0.32999994,0.32999996,0.32999996,0.32999997
225,6.05,0.2,17,0.32927337,0.32999899,0.32999976,0.32999979,0.32999981
226,2.78,0.26,15,0.32987089,0.32999983,0.3299999,0.32999991,0.32999992
227,6.6,0.39,20,0.32954049,0.32999948,0.32999985,0.32999987,0.32999988
228,7.23,0.22,19,0.32922568,0.32999898,0.32999979,0.32999981,0.32999983
229,2.93,0.46,20,0.3299516,0.32999995,0.32999997,0.32999997,0.32999997
230,4.04,0.46,9,0.32677397,0.3299897,0.32999925,0.32999933,0.32999939
231,8.29,0.31,7,0.25736622,0.32726574,0.32996581,0.32999818,0.32999847
232,2.65,0.12,19,0.32995441,0.32999995,0.32999996,0.32999997,0.32999997
233,2.55,0.44,5,0.32263387,0.32995597,0.3300013,0.33000134,0.33000123
234,6.04,0.41,10,0.32239326,0.32996207,0.3299988,0.32999897,0.32999905
235,3.47,0.25,13,0.32956607,0.32999936,0.32999977,0.32999979,0.32999981
236,8.56,0.19,18,0.3282737,0.32999685,0.32999966,0.32999969,0.32999972
237,7.84,0.36,13,0.32426548,0.3299778,0.32999911,0.32999921,0.32999927
238,9.56,0.22,7,0.23393825,0.32401369,0.32989963,0.32999733,0.32999825
239,6.43,0.2,12,0.325748,0.32998571,0.32999918,0.32999927,0.32999933
240,6.88,0.47,14,0.32733704,0.32999337,0.32999943,0.32999949,0.32999953
241,7.94,0.47,9,0.30196036,0.32963314,0.32999619,0.32999823,0.32999835
242,5.54,0.13,5,0.26025005,0.32733094,0.32996717,0.33000328,0.33000343
243,2.36,0.15,5,0.32408665,0.32996859,0.3300012,0.33000119,0.33000109
244,3.89,0.41,17,0.32980519,0.32999977,0.32999989,0.3299999,0.32999991
245,2.84,0.47,13,0.32975612,0.32999966,0.32999984,0.32999985,0.32999987
246,3.28,0.28,13,0.32963389,0.32999947,0.32999979,0.32999981,0.32999983
247,1.3,0.24,8,0.32980095,0.3299997,0.32999988,0.32999989,0.3299999
248,2.44,0.19,10,0.32953851,0.32999924,0.32999974,0.32999977,0.32999979
249,9.66,0.44,13,0.31853046,0.32993086,0.32999868,0.32999894,0.32999901
250,8.69,0.22,9,0.29328132,0.3293926,0.32999407,0.32999803,0.32999815
251,7.75,0.22,7,0.26808318,0.3281197,0.32997915,0.32999839,0.32999857
252,6.63,0.12,11,0.32313399,0.32996875,0.3299989,0.32999904,0.32999912
253,7.68,0.24,17,0.32842843,0.32999717,0.32999965,0.32999968,0.32999971
254,6.06,0.23,9,0.31807075,0.3299179,0.32999842,0.32999877,0.32999886
255,3.82,0.11,7,0.322523,0.32995864,0.32999924,0.32999941,0.32999946
256,2.45,0.49,12,0.32977433,0.32999967,0.32999984,0.32999986,0.32999987
257,1.65,0.31,19,0.32998416,0.32999998,0.32999999,0.32999999,0.32999999
258,9.87,0.17,5,0.19734378,0.27997477,0.32710369,0.32991393,0.33000197
259,8.7,0.35,6,0.22153745,0.32030039,0.3297903,0.32999764,0.33000001
260,3.72,0.41,5,0.30646106,0.32968366,0.33000046,0.33000228,0.33000213
261,4.92,0.48,11,0.32739456,0.32999294,0.32999933,0.3299994,0.32999945
262,7.83,0.38,19,0.32899729,0.32999856,0.32999976,0.32999978,0.3299998
263,1.03,0.12,13,0.32997922,0.32999997,0.32999997,0.32999998,0.32999998
264,9.96,0.21,9,0.27611062,0.32868182,0.3299864,0.32999767,0.32999784
265,3.8,0.42,7,0.32264949,0.32995979,0.32999925,0.32999941,0.32999946
266,7.79,0.19,10,0.31262188,0.32984813,0.32999786,0.32999853,0.32999863
267,7.47,0.5,7,0.27355627,0.32846186,0.32998386,0.32999848,0.32999863
268,6.23,0.36,17,0.3292014,0.32999886,0.32999975,0.32999978,0.3299998
269,2.73,0.15,15,0.3298772,0.32999984,0.32999991,0.32999992,0.32999993
270,4.44,0.48,5,0.29048829,0.32917826,0.32999575,0.33000281,0.33000268
271,8.76,0.37,20,0.32885812,0.32999833,0.32999977,0.32999979,0.32999981
272,8.53,0.38,18,0.32829403,0.32999691,0.32999967,0.3299997,0.32999972
273,6.95,0.27,10,0.31795213,0.3299187,0.3299984,0.32999874,0.32999883
274,5.88,0.18,17,0.32933344,0.32999909,0.32999978,0.3299998,0.32999982
275,8.56,0.43,16,0.32701718,0.32999257,0.32999948,0.32999953,0.32999957
276,5.1,0.48,18,0.32966644,0.32999961,0.32999986,0.32999987,0.32999989
277,5.88,0.31,10,0.32300825,0.32996676,0.32999885,0.32999901,0.32999909
278,9.02,0.19,17,0.32731569,0.32999383,0.32999955,0.32999959,0.32999963
279,1.92,0.16,19,0.32997779,0.32999997,0.32999998,0.32999998,0.32999998
280,1.42,0.49,20,0.32998971,0.32999999,0.32999999,0.32999999,0.32999999
281,5.12,0.38,6,0.29737262,0.32946217,0.32999638,0.33000003,0.33000005
282,2.14,0.45,9,0.32952725,0.32999921,0.32999975,0.32999977,0.3299998
283,1.71,0.16,5,0.32775983,0.3299936,0.33000077,0.33000071,0.33000064
284,4.45,0.18,9,0.32557086,0.3299832,0.32999912,0.32999922,0.32999929
285,8.17,0.45,9,0.29945169,0.32957112,0.32999567,0.32999817,0.32999829
286,2.28,0.11,13,0.32986545,0.32999981,0.32999989,0.3299999,0.32999991
287,5.09,0.48,12,0.32802065,0.32999542,0.32999944,0.32999949,0.32999954
288,9.32,0.16,8,0.26427609,0.32790443,0.32997597,0.32999765,0.32999789
289,9.45,0.39,9,0.28329308,0.32902118,0.32999029,0.32999782,0.32999796
290,1.28,0.34,12,0.3299549,0.32999993,0.32999995,0.32999996,0.32999996
291,1.49,0.29,7,0.32952257,0.32999922,0.32999986,0.32999988,0.32999989
292,9.37,0.37,13,0.31962383,0.32994153,0.32999876,0.32999898,0.32999905
293,1.54,0.48,13,0.32994984,0.32999992,0.32999994,0.32999995,0.32999996
294,9.48,0.31,8,0.26153723,0.32769086,0.32997275,0.32999759,0.32999785
295,1.16,0.44,15,0.32998306,0.32999998,0.32999998,0.32999998,0.32999998
296,2.62,0.39,20,0.32996338,0.32999996,0.32999997,0.32999998,0.32999998
297,6.26,0.3,10,0.32143559,0.3299539,0.32999871,0.32999891,0.329999
298,3.96,0.19,11,0.32868717,0.32999731,0.32999953,0.32999958,0.32999962
299,4.18,0.39,18,0.32981297,0.32999978,0.3299999,0.32999991,0.32999992
300,7.93,0.39,14,0.32573256,0.32998641,0.32999928,0.32999936,0.32999941
301,4.68,0.23,18,0.32974106,0.32999971,0.32999988,0.32999989,0.3299999
302,8,0.23,11,0.3172973,0.3299138,0.32999839,0.32999875,0.32999883
303,7.3,0.29,7,0.27687128,0.32865033,0.32998633,0.32999853,0.32999867
304,6.35,0.37,15,0.32850182,0.32999718,0.3299996,0.32999964,0.32999967
305,6.57,0.31,6,0.26583672,0.32789351,0.32997622,0.32999989,0.33000004
306,4.39,0.41,16,0.32964266,0.32999955,0.32999983,0.32999985,0.32999986
307,7.69,0.35,5,0.21167528,0.3147797,0.32955905,0.32999659,0.33000431
308,3.69,0.4,9,0.32757099,0.32999321,0.32999936,0.32999943,0.32999948
309,9.98,0.27,6,0.20691655,0.31013537,0.32938766,0.32999059,0.32999992
310,7.7,0.32,12,0.32230276,0.32996341,0.32999889,0.32999904,0.32999911
311,2.48,0.15,12,0.32976631,0.32999966,0.32999983,0.32999985,0.32999987
312,3.86,0.47,13,0.32940678,0.32999908,0.32999972,0.32999975,0.32999978
313,5.84,0.46,18,0.32949489,0.32999937,0.32999982,0.32999984,0.32999985
314,4.16,0.2,18,0.32981554,0.32999979,0.3299999,0.32999991,0.32999992
315,9.62,0.1,9,0.28096556,0.3289209,0.32998921,0.32999777,0.32999792
316,7.84,0.23,16,0.32777222,0.32999519,0.32999955,0.32999959,0.32999963
317,5.54,0.22,13,0.32817459,0.32999605,0.32999949,0.32999954,0.32999958
318,5.1,0.48,8,0.31896115,0.32992533,0.32999863,0.32999894,0.32999902
319,8.07,0.47,11,0.31692721,0.32990945,0.32999836,0.32999873,0.32999882
320,9.34,0.47,10,0.29935227,0.32957857,0.32999574,0.32999815,0.32999826
321,1.54,0.47,19,0.32998634,0.32999998,0.32999999,0.32999999,0.32999999
322,3.71,0.15,5,0.30665446,0.32968834,0.33000049,0.33000227,0.33000213
323,4.21,0.36,6,0.31191115,0.32981181,0.32999915,0.33000004,0.33000004
324,2.04,0.32,8,0.32935363,0.32999885,0.32999973,0.32999976,0.32999979
325,1.21,0.35,7,0.32973738,0.32999965,0.3299999,0.32999992,0.32999992
326,9.81,0.37,11,0.30553908,0.32972806,0.32999703,0.32999837,0.32999847
327,2.8,0.24,7,0.32716897,0.32999088,0.32999959,0.32999964,0.32999967
328,9.66,0.25,15,0.32396469,0.32997711,0.32999922,0.32999931,0.32999936
329,5.37,0.44,20,0.32975335,0.32999975,0.3299999,0.32999991,0.32999992
330,8.29,0.2,8,0.28145235,0.32891447,0.32998919,0.329998,0.32999814
331,3.72,0.12,9,0.32750637,0.32999295,0.32999935,0.32999942,0.32999947
332,9.98,0.4,6,0.20691655,0.31013537,0.32938766,0.32999059,0.32999992
333,3.28,0.23,16,0.32984457,0.3299998,0.3299999,0.32999991,0.32999992
334,1.4,0.43,8,0.32975518,0.32999963,0.32999986,0.32999988,0.32999989
335,9.87,0.22,18,0.32720946,0.32999361,0.32999958,0.32999962,0.32999965
336,2.71,0.32,20,0.3299602,0.32999995,0.32999997,0.32999997,0.32999998
337,9.8,0.27,7,0.23009034,0.32313313,0.32987786,0.32999706,0.32999822
338,4.49,0.36,18,0.32976925,0.32999974,0.32999989,0.3299999,0.32999991
339,5.48,0.38,15,0.32906352,0.3299985,0.32999969,0.32999972,0.32999974
340,1.94,0.46,16,0.32995807,0.32999994,0.32999996,0.32999996,0.32999997
341,6.4,0.32,9,0.31574715,0.32988871,0.32999819,0.32999867,0.32999876
342,4.06,0.32,11,0.3285938,0.32999705,0.32999951,0.32999956,0.3299996
343,1.15,0.14,11,0.32995307,0.32999992,0.32999995,0.32999995,0.32999996
344,9.1,0.28,6,0.21589852,0.3177061,0.3297031,0.32999631,0.32999999
345,7.51,0.48,6,0.24407936,0.32562231,0.32993345,0.32999948,0.33000003
346,5.87,0.37,12,0.32684735,0.32999094,0.32999929,0.32999936,0.32999942
347,8.34,0.35,18,0.32841453,0.32999721,0.32999967,0.32999971,0.32999973
348,9.94,0.32,20,0.32825721,0.32999698,0.32999971,0.32999974,0.32999976
349,8.13,0.24,9,0.29990604,0.32958304,0.32999577,0.32999818,0.3299983
350,6.24,0.13,18,0.32937974,0.3299992,0.3299998,0.32999982,0.32999984
351,9.11,0.21,5,0.19976802,0.2950038,0.32841101,0.32996295,0.33000368
352,6.19,0.28,18,0.32939547,0.32999923,0.3299998,0.32999982,0.32999984
353,8.5,0.17,17,0.32780096,0.32999541,0.32999959,0.32999963,0.32999966
354,1.4,0.1,17,0.32998308,0.32999998,0.32999998,0.32999998,0.32999999
355,8.43,0.26,12,0.31960667,0.32993988,0.32999867,0.32999891,0.32999899
356,9.28,0.31,15,0.32472583,0.32998154,0.32999927,0.32999935,0.3299994
357,9.3,0.22,15,0.32468698,0.32998133,0.32999926,0.32999935,0.3299994
358,6.02,0.13,7,0.29925129,0.32953881,0.32999601,0.32999887,0.32999895
359,2.26,0.45,10,0.32963243,0.32999942,0.32999977,0.3299998,0.32999982
360,1.22,0.3,9,0.32988999,0.32999983,0.32999991,0.32999992,0.32999993
361,2.48,0.15,10,0.32951544,0.32999919,0.32999973,0.32999976,0.32999979
362,5.07,0.37,6,0.2983124,0.329491,0.32999665,0.33000004,0.33000005
363,7.3,0.13,13,0.32547731,0.32998474,0.32999921,0.32999929,0.32999935
364,6.33,0.23,13,0.32717419,0.32999255,0.32999937,0.32999943,0.32999948
365,2.24,0.23,14,0.32990369,0.32999986,0.32999992,0.32999993,0.32999993
366,9.18,0.47,16,0.3262235,0.32998934,0.32999943,0.32999948,0.32999952
367,9.11,0.38,17,0.32722328,0.3299935,0.32999954,0.32999959,0.32999962
368,1.66,0.47,11,0.32988821,0.32999983,0.3299999,0.32999991,0.32999992
369,1.79,0.35,19,0.32998104,0.32999998,0.32999998,0.32999998,0.32999999
370,6.29,0.35,20,0.32960338,0.32999957,0.32999986,0.32999988,0.32999989
371,3.5,0.11,19,0.32990822,0.3299999,0.32999994,0.32999995,0.32999995
372,1.87,0.44,12,0.32988896,0.32999983,0.3299999,0.32999991,0.32999992
373,2.71,0.28,15,0.32987966,0.32999984,0.32999991,0.32999992,0.32999993
374,6.85,0.44,6,0.25918291,0.32733802,0.32996687,0.32999981,0.33000004
375,9.46,0.39,15,0.32436888,0.3299795,0.32999924,0.32999933,0.32999938
376,3.18,0.46,16,0.32985756,0.32999982,0.3299999,0.32999991,0.32999992
377,3.18,0.42,15,0.32981481,0.32999976,0.32999988,0.32999989,0.3299999
378,6.76,0.13,18,0.32920065,0.3299989,0.32999977,0.32999979,0.32999981
379,5.26,0.35,9,0.32243392,0.32996106,0.32999882,0.329999,0.32999908
380,7.67,0.34,8,0.29100408,0.32929924,0.3299933,0.32999818,0.3299983
381,6.16,0.45,11,0.32460569,0.32997871,0.32999903,0.32999914,0.32999921
382,2.16,0.35,12,0.32984186,0.32999977,0.32999987,0.32999989,0.3299999
383,4.35,0.33,10,0.32735969,0.32999256,0.32999931,0.32999938,0.32999944
384,5.12,0.1,6,0.29737262,0.32946216,0.32999638,0.33000003,0.33000005
385,9.05,0.24,8,0.26889114,0.32822828,0.32998059,0.32999775,0.32999795
386,7.6,0.12,19,0.32909122,0.32999874,0.32999977,0.32999979,0.32999981
387,4.28,0.13,17,0.32974465,0.3299997,0.32999987,0.32999988,0.3299999
388,6.05,0.16,13,0.32756959,0.32999405,0.32999941,0.32999947,0.32999952
389,9.06,0.37,16,0.32638936,0.32999007,0.32999944,0.32999949,0.32999953
390,3.46,0.46,15,0.32976356,0.32999969,0.32999986,0.32999987,0.32999989
391,6.61,0.46,17,0.32903621,0.32999854,0.32999973,0.32999975,0.32999978
392,8.48,0.15,16,0.32710329,0.32999289,0.32999949,0.32999954,0.32999958
393,7.74,0.43,8,0.28996181,0.32926183,0.32999293,0.32999816,0.32999828
394,2.34,0.22,17,0.32994834,0.32999994,0.32999996,0.32999996,0.32999997
395,6.54,0.34,7,0.29081082,0.32927047,0.32999346,0.32999874,0.32999883
396,8.14,0.47,19,0.32886275,0.32999829,0.32999975,0.32999977,0.32999979
397,9.58,0.38,6,0.2104477,0.31392772,0.3295573,0.32999383,0.32999996
398,5.12,0.34,8,0.3188195,0.32992371,0.32999862,0.32999894,0.32999902
399,1.19,0.5,7,0.32974934,0.32999966,0.32999991,0.32999992,0.32999993
400,7.08,0.14,20,0.32942733,0.32999933,0.32999983,0.32999985,0.32999987
401,2.57,0.19,10,0.32947559,0.32999912,0.32999972,0.32999975,0.32999977
402,4.25,0.14,11,0.32837017,0.32999638,0.32999947,0.32999952,0.32999957
403,1.82,0.23,20,0.32998347,0.32999998,0.32999999,0.32999999,0.32999999
404,2.97,0.37,8,0.32798053,0.32999458,0.32999949,0.32999955,0.32999959
405,7.19,0.24,12,0.32386464,0.32997463,0.32999901,0.32999913,0.3299992
406,1.17,0.32,19,0.32999182,0.32999999,0.32999999,0.32999999,0.32999999
407,4.92,0.29,12,0.32821605,0.32999604,0.32999947,0.32999952,0.32999957
408,8.62,0.36,5,0.20248757,0.30308667,0.32895134,0.3299803,0.33000414
409,5.76,0.37,9,0.31985438,0.32993715,0.32999859,0.32999885,0.32999894
410,5.37,0.4,18,0.3296091,0.32999953,0.32999984,0.32999986,0.32999987
411,6.8,0.38,19,0.32936277,0.3299992,0.32999981,0.32999983,0.32999985
412,7.05,0.45,13,0.32597785,0.32998729,0.32999925,0.32999933,0.32999938
413,3.95,0.42,12,0.32910201,0.32999841,0.32999963,0.32999967,0.3299997
414,2.13,0.49,7,0.3287701,0.32999731,0.32999975,0.32999977,0.3299998
415,6.66,0.18,15,0.3282533,0.32999651,0.32999957,0.32999961,0.32999965
416,4.72,0.32,19,0.32978929,0.32999977,0.3299999,0.32999991,0.32999992
417,4.63,0.21,8,0.32189856,0.32995502,0.32999889,0.32999908,0.32999916
418,9.95,0.24,16,0.32503577,0.32998362,0.32999934,0.32999942,0.32999946
419,4.92,0.46,6,0.30090908,0.32956176,0.32999725,0.33000004,0.33000005
420,7.46,0.44,17,0.32856894,0.32999751,0.32999967,0.3299997,0.32999973
421,7.58,0.48,15,0.32732535,0.32999352,0.32999947,0.32999952,0.32999956
422,1.45,0.17,8,0.32972963,0.32999958,0.32999985,0.32999987,0.32999988
423,8.14,0.18,17,0.32809511,0.32999628,0.32999962,0.32999965,0.32999968
424,4.5,0.12,20,0.32985237,0.32999985,0.32999993,0.32999993,0.32999994
425,6.11,0.38,18,0.32942002,0.32999927,0.32999981,0.32999983,0.32999984
426,8.68,0.44,20,0.32889263,0.32999841,0.32999977,0.32999979,0.32999981
427,2.86,0.34,15,0.32986031,0.32999982,0.3299999,0.32999991,0.32999992
428,1.45,0.21,20,0.32998926,0.32999999,0.32999999,0.32999999,0.32999999
429,4.58,0.48,19,0.32980715,0.32999979,0.3299999,0.32999991,0.32999992
430,4.59,0.4,14,0.32927363,0.32999888,0.32999971,0.32999974,0.32999976
431,5.7,0.13,19,0.32963168,0.32999958,0.32999986,0.32999988,0.32999989
432,6.83,0.42,15,0.32810044,0.32999606,0.32999955,0.32999959,0.32999963
433,1.13,0.42,10,0.32993756,0.3299999,0.32999993,0.32999994,0.32999995
434,3.45,0.27,12,0.32940308,0.32999904,0.32999971,0.32999974,0.32999976
435,4.35,0.27,8,0.32334031,0.32996702,0.32999901,0.32999917,0.32999923
436,4.98,0.11,14,0.32905816,0.32999844,0.32999966,0.3299997,0.32999973
437,1.48,0.35,12,0.32993525,0.3299999,0.32999993,0.32999994,0.32999995
438,9.35,0.19,5,0.19881592,0.29053184,0.3280626,0.32995067,0.33000329
439,5.37,0.11,11,0.32654601,0.32998928,0.32999923,0.3299993,0.32999936
440,8.06,0.48,15,0.32671816,0.32999118,0.32999942,0.32999947,0.32999952
441,9.06,0.49,5,0.19999364,0.29589721,0.32847649,0.32996517,0.33000374
442,3.55,0.45,11,0.32907245,0.32999829,0.32999961,0.32999965,0.32999968
443,5.57,0.3,8,0.31538147,0.32988037,0.32999827,0.3299988,0.32999889
444,6,0.26,6,0.27908635,0.32872266,0.32998814,0.32999998,0.33000005
445,1.1,0.34,13,0.32997593,0.32999996,0.32999997,0.32999997,0.32999998
446,3.14,0.39,18,0.32991413,0.3299999,0.32999994,0.32999995,0.32999995
447,2.72,0.14,16,0.32990571,0.32999988,0.32999993,0.32999994,0.32999994
448,3.07,0.36,11,0.3294009,0.32999901,0.3299997,0.32999973,0.32999975
449,2.77,0.46,11,0.32955297,0.32999929,0.32999974,0.32999977,0.32999979
450,3.29,0.42,14,0.32972846,0.32999963,0.32999983,0.32999985,0.32999987
451,1.54,0.44,6,0.32915278,0.32999852,0.33000001,0.33000001,0.33000001
452,6.43,0.34,14,0.32786631,0.32999521,0.32999949,0.32999954,0.32999958
453,3.61,0.49,8,0.32633945,0.32998708,0.3299993,0.32999938,0.32999943
454,7.14,0.38,11,0.32124026,0.32995359,0.32999874,0.32999893,0.32999901
455,2.04,0.14,19,0.32997523,0.32999997,0.32999998,0.32999998,0.32999998
456,5.1,0.44,13,0.32859933,0.32999727,0.32999956,0.3299996,0.32999964
457,2.45,0.42,20,0.32996824,0.32999996,0.32999997,0.32999998,0.32999998
458,1.94,0.44,8,0.32941842,0.32999898,0.32999975,0.32999978,0.3299998
459,2.58,0.34,19,0.32995737,0.32999995,0.32999997,0.32999997,0.32999997
460,8.35,0.11,8,0.28048104,0.32886871,0.32998866,0.32999797,0.32999812
461,8.28,0.17,19,0.3287962,0.32999816,0.32999974,0.32999976,0.32999978
462,7.07,0.15,11,0.32152301,0.32995603,0.32999876,0.32999895,0.32999903
463,8.01,0.19,14,0.32559769,0.32998577,0.32999927,0.32999935,0.3299994
464,6.71,0.31,14,0.32755102,0.32999414,0.32999945,0.3299995,0.32999955
465,9.04,0.13,6,0.21667734,0.31813233,0.32971835,0.32999656,0.32999999
466,5,0.1,11,0.32727231,0.32999249,0.32999931,0.32999938,0.32999944
467,7.82,0.44,9,0.30325017,0.32966378,0.32999644,0.32999827,0.32999838
468,7.07,0.31,14,0.32709314,0.32999246,0.32999941,0.32999946,0.32999951
469,5.24,0.3,11,0.32681536,0.32999052,0.32999925,0.32999933,0.32999939
470,1.23,0.32,8,0.32982904,0.32999975,0.32999989,0.3299999,0.32999991
471,7.37,0.22,11,0.32026603,0.32994467,0.32999865,0.32999888,0.32999896
472,4.83,0.2,17,0.32963522,0.32999955,0.32999984,0.32999986,0.32999987
473,2.16,0.47,12,0.32984186,0.32999977,0.32999987,0.32999989,0.3299999
474,1.68,0.17,15,0.32996273,0.32999995,0.32999996,0.32999997,0.32999997
475,8.08,0.15,9,0.30046887,0.32959755,0.32999589,0.3299982,0.32999831
476,9.81,0.3,12,0.31294658,0.32986009,0.32999808,0.32999867,0.32999875
477,9.98,0.15,17,0.32621384,0.32998955,0.32999947,0.32999952,0.32999956
478,3.1,0.27,7,0.32614915,0.32998555,0.3299995,0.32999957,0.32999961
479,8.09,0.2,6,0.23209126,0.32343832,0.32988117,0.32999887,0.33000003
480,6.04,0.32,19,0.32956094,0.32999949,0.32999985,0.32999986,0.32999987
481,9.81,0.29,12,0.31294658,0.32986009,0.32999808,0.32999867,0.32999875
482,8.93,0.21,9,0.29022281,0.32928942,0.32999307,0.32999796,0.32999809
483,1.2,0.37,12,0.32996141,0.32999994,0.32999996,0.32999996,0.32999997
484,1.38,0.44,17,0.3299836,0.32999998,0.32999998,0.32999999,0.32999999
485,5.41,0.33,14,0.32877813,0.3299978,0.32999962,0.32999965,0.32999968
486,7.41,0.23,20,0.32933659,0.32999919,0.32999982,0.32999984,0.32999985
487,6.17,0.25,10,0.3218368,0.32995741,0.32999875,0.32999894,0.32999902
488,2.06,0.33,18,0.32996932,0.32999996,0.32999997,0.32999998,0.32999998
489,4.04,0.1,18,0.32983054,0.32999981,0.32999991,0.32999992,0.32999992
490,2.46,0.21,17,0.32994132,0.32999992,0.32999995,0.32999996,0.32999996
491,2.53,0.24,8,0.32878355,0.32999737,0.32999961,0.32999966,0.32999969
492,9.13,0.22,13,0.32048899,0.32994949,0.32999883,0.32999902,0.32999909
493,8.98,0.4,10,0.30281222,0.32966207,0.32999643,0.32999824,0.32999835
494,7.58,0.14,8,0.29232606,0.32934499,0.32999376,0.32999821,0.32999832
495,5.46,0.43,17,0.32946993,0.32999932,0.3299998,0.32999982,0.32999984
496,1.84,0.39,16,0.32996313,0.32999995,0.32999996,0.32999997,0.32999997
497,8.7,0.36,5,0.20196672,0.30184468,0.32887396,0.32997794,0.33000408
498,1.42,0.26,17,0.32998254,0.32999998,0.32999998,0.32999998,0.32999999
499,8.18,0.14,12,0.32060052,0.32994921,0.32999875,0.32999896,0.32999903
500,2.3,0.27,19,0.32996714,0.32999996,0.32999998,0.32999997,0.32999998
501,9.98,0.14,5,0.19711933,0.27758314,0.32685194,0.32990358,0.33000156
502,7.11,0.34,14,0.32703751,0.32999224,0.3299994,0.32999946,0.3299995
503,3.68,0.19,16,0.3297865,0.32999974,0.32999987,0.32999989,0.3299999
504,9.46,0.21,16,0.32581516,0.32998749,0.32999939,0.32999946,0.3299995
505,5.76,0.32,16,0.32918114,0.32999878,0.32999973,0.32999975,0.32999978
506,4.14,0.12,16,0.32970066,0.32999963,0.32999985,0.32999986,0.32999988
507,1.78,0.22,8,0.32954961,0.32999925,0.32999979,0.32999981,0.32999983
508,2.89,0.43,18,0.32993001,0.32999992,0.32999995,0.32999995,0.32999996
509,6.76,0.22,11,0.32267444,0.32996527,0.32999886,0.32999901,0.32999909
510,1.66,0.22,11,0.32988821,0.32999983,0.3299999,0.32999991,0.32999992
511,6.2,0.13,6,0.27447483,0.32846365,0.32998463,0.32999995,0.33000005
512,2.65,0.36,20,0.32996234,0.32999996,0.32999997,0.32999997,0.32999998
513,6.64,0.33,13,0.3266985,0.3299906,0.32999932,0.32999939,0.32999944
514,7.76,0.21,14,0.32603416,0.32998789,0.32999931,0.32999938,0.32999943
515,4.99,0.43,16,0.32947392,0.32999929,0.32999979,0.32999981,0.32999983
516,3.9,0.48,19,0.32987623,0.32999987,0.32999993,0.32999994,0.32999994
517,8.49,0.19,7,0.25342303,0.32687226,0.32995896,0.32999809,0.32999843
518,2.27,0.13,17,0.32995213,0.32999994,0.32999996,0.32999996,0.32999997
519,7.44,0.48,17,0.32858167,0.32999755,0.32999967,0.3299997,0.32999973
520,1.25,0.14,10,0.32991933,0.32999987,0.32999992,0.32999993,0.32999994
521,4.54,0.1,20,0.32984856,0.32999984,0.32999992,0.32999993,0.32999994
522,1.03,0.32,7,0.32983139,0.32999979,0.32999993,0.32999994,0.32999994
523,2.22,0.34,16,0.32994328,0.32999992,0.32999995,0.32999996,0.32999996
524,3.8,0.45,15,0.32969223,0.3299996,0.32999983,0.32999985,0.32999987
525,4.31,0.5,15,0.32955383,0.32999939,0.32999979,0.32999981,0.32999983
526,4.79,0.34,6,0.30317761,0.3296228,0.32999777,0.33000004,0.33000005
527,1.25,0.17,17,0.32998674,0.32999998,0.32999999,0.32999999,0.32999999
528,8.68,0.22,19,0.32859371,0.32999771,0.32999972,0.32999974,0.32999977
529,8.27,0.31,13,0.32315266,0.3299705,0.32999902,0.32999915,0.32999921
530,2.38,0.14,16,0.32993218,0.32999991,0.32999994,0.32999995,0.32999995
531,9.01,0.33,8,0.26957233,0.32827257,0.32998119,0.32999777,0.32999796
532,5.75,0.4,8,0.31380523,0.32985713,0.3299981,0.32999875,0.32999884
533,1.95,0.1,10,0.32974972,0.32999961,0.32999982,0.32999984,0.32999986
534,8.3,0.29,13,0.32306853,0.32996991,0.32999901,0.32999914,0.32999921
535,1.05,0.43,9,0.32992535,0.32999989,0.32999993,0.32999994,0.32999994
536,1.31,0.11,18,0.32998782,0.32999998,0.32999999,0.32999999,0.32999999
537,1.66,0.5,15,0.32996379,0.32999995,0.32999996,0.32999997,0.32999997
538,6.06,0.44,9,0.31807075,0.3299179,0.32999842,0.32999877,0.32999886
539,3.44,0.39,12,0.3294084,0.32999905,0.32999971,0.32999974,0.32999976
540,4.1,0.24,5,0.29866509,0.32947266,0.32999882,0.33000257,0.33000242
541,1.22,0.32,17,0.32998739,0.32999998,0.32999999,0.32999999,0.32999999
542,2,0.26,20,0.3299802,0.32999998,0.32999998,0.32999998,0.32999999
543,7.1,0.33,15,0.32784597,0.32999529,0.32999952,0.32999957,0.32999961
544,5.06,0.15,11,0.32716284,0.32999204,0.3299993,0.32999937,0.32999942
545,3.08,0.38,16,0.32986973,0.32999984,0.32999991,0.32999992,0.32999993
546,5.01,0.39,9,0.32355643,0.32997,0.32999892,0.32999907,0.32999914
547,1.04,0.24,9,0.32992714,0.32999988,0.32999993,0.32999994,0.32999995
548,6.15,0.35,18,0.32940784,0.32999925,0.3299998,0.32999982,0.32999984
549,3.61,0.11,10,0.32854018,0.3299968,0.32999949,0.32999955,0.32999959
550,7.63,0.29,16,0.32796676,0.32999579,0.32999957,0.32999961,0.32999964
551,7.62,0.28,17,0.32846911,0.32999728,0.32999965,0.32999969,0.32999972
552,8.27,0.31,7,0.25776309,0.32730279,0.32996644,0.32999819,0.32999847
553,9.28,0.15,6,0.21369799,0.31635867,0.32965301,0.32999549,0.32999998
554,3.81,0.45,18,0.32985526,0.32999984,0.32999991,0.32999992,0.32999993
555,9.39,0.23,13,0.31954942,0.32994082,0.32999876,0.32999898,0.32999905
556,3.28,0.25,6,0.32166962,0.32994837,0.32999987,0.33000004,0.33000003
557,5.2,0.25,6,0.29584019,0.3294132,0.32999592,0.33000003,0.33000005
558,4.8,0.28,10,0.32638369,0.32998812,0.32999919,0.32999928,0.32999934
559,5.35,0.21,15,0.32913317,0.32999865,0.3299997,0.32999973,0.32999975
560,3.47,0.19,16,0.32981749,0.32999977,0.32999989,0.3299999,0.32999991
561,7.19,0.13,14,0.32692392,0.32999179,0.32999939,0.32999945,0.3299995
562,7.89,0.41,9,0.30250187,0.32964618,0.3299963,0.32999825,0.32999836
563,9.85,0.32,9,0.27769559,0.3287635,0.32998739,0.32999771,0.32999787
564,8.81,0.35,8,0.2729127,0.32847212,0.3299838,0.32999783,0.32999801
565,8.53,0.19,5,0.20311603,0.30444069,0.32903297,0.32998274,0.33000419
566,2.59,0.46,14,0.32986049,0.3299998,0.32999989,0.3299999,0.32999991
567,7.19,0.47,10,0.31657605,0.32990264,0.32999827,0.32999868,0.32999877
568,4.4,0.34,13,0.32911481,0.3299985,0.32999965,0.32999969,0.32999972
569,1.29,0.3,17,0.32998582,0.32999998,0.32999999,0.32999999,0.32999999
570,7.91,0.19,17,0.32826508,0.32999674,0.32999963,0.32999967,0.3299997
571,5.06,0.37,12,0.32805867,0.32999555,0.32999945,0.3299995,0.32999955
572,6.79,0.4,14,0.32745194,0.32999379,0.32999944,0.3299995,0.32999954
573,2.04,0.19,8,0.32935363,0.32999885,0.32999973,0.32999976,0.32999979
574,5.97,0.24,18,0.3294585,0.32999932,0.32999981,0.32999983,0.32999985
575,1.27,0.49,10,0.32991597,0.32999987,0.32999992,0.32999993,0.32999994
576,6.34,0.27,6,0.271195,0.32825802,0.32998168,0.32999994,0.33000005
577,4.4,0.22,12,0.32874716,0.32999756,0.32999956,0.3299996,0.32999964
578,7.25,0.15,15,0.32768959,0.32999477,0.32999951,0.32999955,0.32999959
579,2.5,0.24,19,0.32996056,0.32999995,0.32999997,0.32999997,0.32999997
580,7.53,0.11,5,0.21393625,0.31636102,0.32962634,0.32999808,0.33000429
581,3.53,0.29,20,0.32992343,0.32999992,0.32999995,0.32999996,0.32999996
582,4.31,0.45,15,0.32955383,0.32999939,0.32999979,0.32999981,0.32999983
583,8.61,0.2,19,0.32863146,0.3299978,0.32999972,0.32999975,0.32999977
584,4.11,0.17,20,0.32988495,0.32999988,0.32999994,0.32999994,0.32999995
585,3.81,0.28,18,0.32985526,0.32999984,0.32999991,0.32999992,0.32999993
586,7.53,0.37,18,0.32886934,0.32999826,0.32999973,0.32999975,0.32999977
587,9.69,0.13,14,0.32166205,0.32996033,0.32999899,0.32999914,0.3299992
588,5.66,0.48,11,0.32591125,0.32998616,0.32999916,0.32999925,0.32999931
589,6.31,0.43,15,0.32853275,0.32999727,0.32999961,0.32999964,0.32999968
590,8.05,0.4,5,0.20736059,0.31082213,0.32937675,0.32999219,0.33000431
591,7.6,0.46,20,0.329282,0.3299991,0.32999981,0.32999983,0.32999985
592,3.14,0.15,12,0.32955233,0.32999931,0.32999975,0.32999978,0.3299998
593,5.02,0.39,10,0.32583668,0.32998534,0.32999913,0.32999922,0.32999929
594,3.98,0.22,17,0.32979177,0.32999975,0.32999989,0.3299999,0.32999991
595,6.92,0.16,16,0.32852208,0.32999733,0.32999963,0.32999967,0.3299997
596,7.28,0.12,6,0.24920743,0.32629133,0.32994722,0.32999962,0.33000004
597,6.47,0.43,5,0.23491709,0.32380988,0.32988308,0.33000263,0.33000393
598,6.98,0.25,18,0.32911272,0.32999874,0.32999976,0.32999978,0.3299998
599,5.28,0.17,8,0.31764273,0.32990962,0.3299985,0.32999889,0.32999897
600,5.15,0.47,5,0.27144168,0.32819532,0.32998227,0.33000319,0.33000318
601,3.94,0.42,12,0.32910918,0.32999843,0.32999963,0.32999967,0.3299997
602,4.21,0.25,7,0.31985299,0.32993222,0.32999904,0.32999931,0.32999937
603,3.18,0.13,13,0.32966624,0.32999952,0.3299998,0.32999982,0.32999984
604,2.87,0.33,20,0.32995408,0.32999995,0.32999997,0.32999997,0.32999997
605,9.91,0.44,9,0.2768326,0.32871949,0.32998685,0.32999769,0.32999785
606,5.69,0.22,13,0.32800651,0.32999552,0.32999947,0.32999952,0.32999956
607,6.22,0.48,12,0.32619491,0.32998797,0.32999923,0.3299993,0.32999936
608,9.59,0.44,16,0.32562419,0.3299866,0.32999938,0.32999945,0.32999949
609,5.07,0.33,5,0.27373472,0.32834584,0.32998467,0.33000316,0.33000312
610,4.43,0.25,20,0.32985774,0.32999985,0.32999993,0.32999993,0.32999994
611,6.27,0.47,7,0.29527545,0.32941927,0.32999491,0.32999881,0.32999889
612,1.32,0.43,14,0.3299715,0.32999996,0.32999997,0.32999997,0.32999997
613,7.4,0.2,5,0.21596462,0.3174842,0.32966965,0.32999897,0.33000426
614,1.11,0.36,15,0.3299846,0.32999998,0.32999998,0.32999998,0.32999999
615,9.81,0.3,10,0.29448552,0.32944319,0.32999457,0.32999804,0.32999816
616,2.3,0.21,15,0.32992067,0.32999989,0.32999993,0.32999994,0.32999995
617,1.16,0.42,20,0.32999312,0.32999999,0.32999999,0.32999999,0.33
618,2.08,0.19,17,0.32996143,0.32999995,0.32999996,0.32999997,0.32999997
619,7.29,0.17,6,0.24897919,0.32626289,0.32994664,0.32999962,0.33000004
620,9.28,0.2,5,0.19907248,0.29186692,0.32817029,0.32995453,0.33000342
621,9.56,0.19,12,0.31432914,0.32987938,0.32999822,0.32999871,0.32999879
622,3.51,0.17,12,0.32937945,0.329999,0.3299997,0.32999973,0.32999976
623,9.29,0.17,17,0.32703149,0.3299928,0.32999953,0.32999957,0.32999961
624,7.57,0.19,13,0.32490479,0.32998163,0.32999916,0.32999925,0.32999931
625,7.22,0.11,8,0.29733199,0.32949973,0.32999519,0.32999831,0.32999842
626,8.35,0.19,7,0.25617806,0.32715215,0.32996388,0.32999816,0.32999846
627,5.09,0.5,18,0.32966844,0.32999961,0.32999986,0.32999987,0.32999989
628,3.8,0.27,20,0.32990652,0.3299999,0.32999994,0.32999995,0.32999996
629,6.57,0.44,19,0.32942936,0.3299993,0.32999982,0.32999984,0.32999985
630,9.47,0.46,5,0.19841298,0.2881865,0.32786553,0.32994343,0.33000305
631,7.35,0.48,8,0.29554039,0.32944607,0.3299947,0.32999827,0.32999838
632,8.98,0.28,19,0.32842295,0.32999731,0.3299997,0.32999973,0.32999975
633,6.73,0.11,7,0.28745676,0.32914161,0.3299921,0.32999869,0.32999879
634,5.13,0.4,5,0.27201645,0.32823395,0.3299829,0.33000318,0.33000316
635,7.86,0.13,11,0.31798653,0.32992137,0.32999845,0.32999878,0.32999886
636,2.51,0.43,10,0.32951159,0.3299992,0.32999973,0.32999976,0.32999978
637,4.91,0.25,8,0.32018377,0.32993816,0.32999874,0.329999,0.32999908
638,5.52,0.47,5,0.26083075,0.32738387,0.3299682,0.33000328,0.33000341
639,6.37,0.18,5,0.23740728,0.32431259,0.32989702,0.3300028,0.33000389
640,3.36,0.35,10,0.3288211,0.32999759,0.32999955,0.3299996,0.32999964
641,3.32,0.23,13,0.32962032,0.32999945,0.32999979,0.32999981,0.32999983
642,9.78,0.38,16,0.32532026,0.3299851,0.32999936,0.32999943,0.32999947
643,7.52,0.36,15,0.32739602,0.32999377,0.32999948,0.32999953,0.32999957
644,5.67,0.14,15,0.32896067,0.32999829,0.32999967,0.3299997,0.32999973
645,2.94,0.33,19,0.32994061,0.32999993,0.32999996,0.32999996,0.32999997
646,2.69,0.13,5,0.32126444,0.32994125,0.33000135,0.33000145,0.33000133
647,6.25,0.15,20,0.32961121,0.32999957,0.32999987,0.32999988,0.32999989
648,1,0.12,16,0.32998988,0.32999999,0.32999999,0.32999999,0.32999999
649,1.19,0.16,10,0.32992885,0.32999989,0.32999993,0.32999994,0.32999994
650,8,0.45,14,0.32561626,0.32998587,0.32999927,0.32999935,0.3299994
651,4.49,0.26,15,0.32949367,0.32999929,0.32999978,0.3299998,0.32999982
652,7.91,0.48,13,0.32409091,0.3299767,0.32999909,0.3299992,0.32999926
653,8.88,0.45,13,0.32131824,0.32995651,0.32999888,0.32999905,0.32999912
654,9.26,0.3,14,0.32283628,0.32996905,0.32999907,0.32999919,0.32999925
655,7.97,0.45,14,0.32565927,0.32998604,0.32999928,0.32999935,0.32999941
656,2.81,0.19,13,0.32976352,0.32999966,0.32999984,0.32999986,0.32999987
657,2.74,0.48,7,0.32735861,0.3299918,0.3299996,0.32999965,0.32999969
658,9.79,0.21,6,0.20848887,0.3120082,0.32947417,0.32999229,0.32999994
659,5.63,0.34,5,0.25764361,0.327082,0.32996228,0.33000329,0.33000348
660,5.26,0.45,18,0.32963329,0.32999957,0.32999985,0.32999987,0.32999988
661,6.54,0.23,14,0.32775214,0.32999483,0.32999947,0.32999953,0.32999957
662,3.94,0.13,15,0.3296569,0.32999955,0.32999982,0.32999984,0.32999986
663,2.97,0.23,18,0.32992477,0.32999991,0.32999994,0.32999995,0.32999996
664,5.34,0.27,14,0.32882876,0.32999792,0.32999962,0.32999966,0.32999969
665,6.32,0.3,13,0.32718907,0.32999259,0.32999937,0.32999943,0.32999948
666,2.87,0.28,18,0.32993126,0.32999992,0.32999995,0.32999995,0.32999996
667,7.49,0.37,9,0.30656598,0.32973492,0.329997,0.32999836,0.32999847
668,5.77,0.42,18,0.32951371,0.32999941,0.32999982,0.32999984,0.32999986
669,1.23,0.45,6,0.32952586,0.32999936,0.33000001,0.33000001,0.33000001
670,2.68,0.26,15,0.32988328,0.32999984,0.32999991,0.32999992,0.32999993
671,7.34,0.17,16,0.32820843,0.32999648,0.3299996,0.32999964,0.32999967
672,7.32,0.19,9,0.30820285,0.32976742,0.32999726,0.32999841,0.32999851
673,2.64,0.5,8,0.32860994,0.32999683,0.32999958,0.32999963,0.32999967
674,3.59,0.42,7,0.32388986,0.32997025,0.32999934,0.32999946,0.32999951
675,6.13,0.4,20,0.32963401,0.3299996,0.32999987,0.32999988,0.3299999
676,7.94,0.35,7,0.26429147,0.32784311,0.32997501,0.32999832,0.32999854
677,6.5,0.48,20,0.32956212,0.32999951,0.32999986,0.32999987,0.32999988
678,3.15,0.37,16,0.3298613,0.32999983,0.3299999,0.32999992,0.32999992
679,7.78,0.33,9,0.30367258,0.32967351,0.32999652,0.32999828,0.32999839
680,4.44,0.16,10,0.32717651,0.32999178,0.32999929,0.32999936,0.32999942
681,5.96,0.14,17,0.32930398,0.32999905,0.32999977,0.32999979,0.32999981
682,5.92,0.23,20,0.32966987,0.32999964,0.32999988,0.32999989,0.3299999
683,3.28,0.38,7,0.32537758,0.3299807,0.32999945,0.32999953,0.32999958
684,7,0.43,13,0.32607299,0.32998775,0.32999926,0.32999934,0.32999939
685,2.82,0.15,15,0.32986568,0.32999982,0.3299999,0.32999991,0.32999992
686,8.94,0.18,19,0.32844657,0.32999736,0.32999971,0.32999973,0.32999976
687,8.73,0.35,15,0.32570695,0.32998666,0.32999933,0.3299994,0.32999945
688,9.58,0.31,16,0.32563977,0.32998668,0.32999938,0.32999945,0.32999949
689,4.34,0.44,18,0.32979126,0.32999976,0.32999989,0.3299999,0.32999991
690,7.02,0.12,17,0.32883015,0.32999811,0.3299997,0.32999973,0.32999975
691,4.81,0.45,5,0.28087886,0.32874448,0.32999037,0.33000303,0.33000295
692,8.67,0.2,20,0.32889689,0.32999842,0.32999977,0.32999979,0.32999981
693,7.83,0.3,8,0.28860424,0.32921134,0.32999241,0.32999813,0.32999825
694,6.05,0.23,12,0.32653116,0.32998957,0.32999926,0.32999933,0.32999939
695,4.5,0.14,11,0.32805512,0.32999539,0.32999942,0.32999948,0.32999953
696,2.46,0.31,12,0.32977168,0.32999966,0.32999984,0.32999985,0.32999987
697,9.7,0.16,13,0.318371,0.32992923,0.32999867,0.32999894,0.32999901
698,1.11,0.19,12,0.3299679,0.32999995,0.32999996,0.32999997,0.32999997
699,9.23,0.22,15,0.32482206,0.32998207,0.32999927,0.32999935,0.3299994
700,3.09,0.41,7,0.32618914,0.32998578,0.32999951,0.32999958,0.32999962
701,5.37,0.11,11,0.32654601,0.32998928,0.32999923,0.3299993,0.32999936
702,8.41,0.41,7,0.25499408,0.32703477,0.32996184,0.32999813,0.32999845
703,8.52,0.3,20,0.32895928,0.32999854,0.32999978,0.3299998,0.32999981
704,1.18,0.21,17,0.32998824,0.32999998,0.32999999,0.32999999,0.32999999
705,9.94,0.2,14,0.3209121,0.3299542,0.32999894,0.32999911,0.32999917
706,1.52,0.28,18,0.32998414,0.32999998,0.32999998,0.32999999,0.32999999
707,2.72,0.29,5,0.32095007,0.32993761,0.33000136,0.33000148,0.33000136
708,9.75,0.35,9,0.2791251,0.32883412,0.32998822,0.32999773,0.32999789
709,2.84,0.27,11,0.32951804,0.32999923,0.32999973,0.32999976,0.32999979
710,4.29,0.21,5,0.29420676,0.32932141,0.32999733,0.33000271,0.33000257
711,9.93,0.48,17,0.32627856,0.32998983,0.32999948,0.32999953,0.32999956
712,1.8,0.24,14,0.32994335,0.32999991,0.32999994,0.32999995,0.32999996
713,1.45,0.41,7,0.32955914,0.32999931,0.32999987,0.32999988,0.32999989
714,7.46,0.18,19,0.32914221,0.32999883,0.32999978,0.3299998,0.32999982
715,2.66,0.21,15,0.32988565,0.32999985,0.32999991,0.32999992,0.32999993
716,1.05,0.31,10,0.32994793,0.32999992,0.32999994,0.32999995,0.32999996
717,6.2,0.31,14,0.32810946,0.32999598,0.32999952,0.32999956,0.3299996
718,7.58,0.12,15,0.32732535,0.32999352,0.32999947,0.32999952,0.32999956
719,6.09,0.11,9,0.31787655,0.32991564,0.3299984,0.32999876,0.32999885
720,7.7,0.31,14,0.32613688,0.32998836,0.32999932,0.32999939,0.32999944
721,2.88,0.43,15,0.32985757,0.32999981,0.3299999,0.32999991,0.32999992
722,8.85,0.1,10,0.30402055,0.32968929,0.32999664,0.32999827,0.32999838
723,3.5,0.15,13,0.32956084,0.32999935,0.32999977,0.32999979,0.32999981
724,2.35,0.17,6,0.32700289,0.32998972,0.33000001,0.33000002,0.33000002
725,3.14,0.32,8,0.32763453,0.32999326,0.32999944,0.3299995,0.32999955
726,1.5,0.44,8,0.32972526,0.32999959,0.32999985,0.32999986,0.32999988
727,8.64,0.5,12,0.31874456,0.32993141,0.3299986,0.32999887,0.32999895
728,2.15,0.38,11,0.32978107,0.32999967,0.32999984,0.32999985,0.32999987
729,5.76,0.16,7,0.30302592,0.32963584,0.32999683,0.32999893,0.32999901
730,3.81,0.48,10,0.32826405,0.32999592,0.32999945,0.3299995,0.32999955
731,8.34,0.3,15,0.32631518,0.32998946,0.32999938,0.32999944,0.32999949
732,2.6,0.37,10,0.32945686,0.32999909,0.32999971,0.32999974,0.32999977
733,6.25,0.4,16,0.32893841,0.3299983,0.32999969,0.32999972,0.32999975
734,1.34,0.31,20,0.32999086,0.32999999,0.32999999,0.32999999,0.32999999
735,1.57,0.25,5,0.32827993,0.32999594,0.33000067,0.33000062,0.33000055
736,1.53,0.49,19,0.32998653,0.32999998,0.32999999,0.32999999,0.32999999
737,7.56,0.33,11,0.31943879,0.32993678,0.32999858,0.32999884,0.32999893
738,1.26,0.41,9,0.32988018,0.32999982,0.3299999,0.32999991,0.32999992
739,3.18,0.49,5,0.31539363,0.32986148,0.33000132,0.33000185,0.33000171
740,7.72,0.21,8,0.29026082,0.32927268,0.32999304,0.32999816,0.32999828
741,7.79,0.3,7,0.26728606,0.328064,0.32997833,0.32999838,0.32999857
742,5.01,0.2,13,0.32867811,0.32999748,0.32999957,0.32999961,0.32999965
743,5.38,0.42,20,0.32975197,0.32999974,0.3299999,0.32999991,0.32999992
744,4.55,0.18,20,0.3298476,0.32999985,0.32999992,0.32999993,0.32999994
745,6.05,0.23,15,0.32872234,0.32999774,0.32999963,0.32999967,0.3299997
746,8.16,0.11,14,0.32531219,0.32998429,0.32999925,0.32999933,0.32999938
747,9.31,0.18,12,0.31561284,0.32989579,0.32999833,0.32999875,0.32999884
748,4.19,0.46,5,0.29658986,0.32940493,0.32999817,0.33000264,0.33000249
749,7.6,0.44,7,0.27106233,0.32831704,0.32998196,0.32999844,0.3299986
750,4.01,0.45,14,0.32951922,0.32999931,0.32999977,0.32999979,0.32999981
751,8.95,0.24,13,0.32108591,0.32995456,0.32999887,0.32999905,0.32999911
752,2.84,0.24,18,0.32993314,0.32999992,0.32999995,0.32999996,0.32999996
753,9.87,0.45,18,0.32720946,0.32999361,0.32999958,0.32999962,0.32999965
754,2.25,0.32,19,0.32996882,0.32999996,0.32999997,0.32999998,0.32999998
755,3.61,0.44,14,0.32964696,0.32999951,0.32999981,0.32999983,0.32999984
756,2.49,0.41,15,0.32990202,0.32999987,0.32999992,0.32999993,0.32999994
757,6.46,0.29,10,0.32049625,0.32994521,0.32999863,0.32999886,0.32999895
758,6.24,0.3,14,0.32806872,0.32999585,0.32999951,0.32999956,0.3299996
759,9.31,0.47,14,0.32270433,0.32996811,0.32999906,0.32999919,0.32999925
760,6.63,0.16,7,0.2892366,0.3292116,0.32999285,0.32999871,0.32999881
761,4.55,0.39,14,0.32929343,0.32999891,0.32999971,0.32999974,0.32999977
762,4.83,0.44,18,0.3297153,0.32999967,0.32999987,0.32999988,0.3299999
763,2.53,0.18,20,0.32996636,0.32999996,0.32999997,0.32999998,0.32999998
764,5.87,0.25,6,0.28191172,0.32885676,0.32998977,0.32999999,0.33000005
765,5.61,0.5,19,0.32964936,0.32999961,0.32999986,0.32999988,0.32999989
766,3.06,0.4,19,0.32993511,0.32999993,0.32999995,0.32999996,0.32999996
767,1.14,0.32,19,0.32999224,0.32999999,0.32999999,0.32999999,0.32999999
768,5.65,0.41,7,0.30457919,0.32967334,0.32999713,0.32999896,0.32999903
769,4.59,0.46,16,0.329594,0.32999948,0.32999982,0.32999983,0.32999985
770,6.66,0.39,6,0.26369595,0.32772633,0.32997351,0.32999987,0.33000004
771,9.78,0.48,14,0.32139717,0.32995822,0.32999897,0.32999913,0.32999919
772,3.21,0.34,16,0.32985376,0.32999982,0.3299999,0.32999991,0.32999992
773,1.01,0.11,20,0.32999469,0.32999999,0.32999999,0.33,0.33
774,9.6,0.15,18,0.32746235,0.32999447,0.3299996,0.32999963,0.32999966
775,2.13,0.42,10,0.32969089,0.32999952,0.3299998,0.32999982,0.32999984
776,3.81,0.29,17,0.32981658,0.32999978,0.32999989,0.3299999,0.32999991
777,6.31,0.33,19,0.32949602,0.3299994,0.32999983,0.32999985,0.32999986
778,9.52,0.47,6,0.21105239,0.31444781,0.32957885,0.32999423,0.32999996
779,3.1,0.29,10,0.32908506,0.32999827,0.32999961,0.32999964,0.32999968
780,4.2,0.36,13,0.32923605,0.32999875,0.32999968,0.32999971,0.32999974
781,4.88,0.17,16,0.32950929,0.32999935,0.32999979,0.32999982,0.32999983
782,5.47,0.43,5,0.2621709,0.32747837,0.32996964,0.33000327,0.33000338
783,6.19,0.46,8,0.30959286,0.32978672,0.32999757,0.32999861,0.32999871
784,2.65,0.47,18,0.3299441,0.32999993,0.32999996,0.32999996,0.32999997
785,6.26,0.11,12,0.32611251,0.32998757,0.32999922,0.3299993,0.32999936
786,1.14,0.11,15,0.32998369,0.32999997,0.32999998,0.32999998,0.32999999
787,5.58,0.16,9,0.32085984,0.32994718,0.32999867,0.3299989,0.32999899
788,3.61,0.38,5,0.30853726,0.32973207,0.33000076,0.3300022,0.33000205
789,7.34,0.11,18,0.32895745,0.32999844,0.32999974,0.32999976,0.32999978
790,8.44,0.44,6,0.22575233,0.32173062,0.32983336,0.32999824,0.33000002
791,8.62,0.26,19,0.32862611,0.32999779,0.32999972,0.32999975,0.32999977
792,3.65,0.36,13,0.32950082,0.32999925,0.32999975,0.32999977,0.3299998
793,4.5,0.36,19,0.32981684,0.3299998,0.32999991,0.32999992,0.32999993
794,6.33,0.38,9,0.31624772,0.32989535,0.32999824,0.32999869,0.32999878
795,3.54,0.38,15,0.32975056,0.32999967,0.32999985,0.32999987,0.32999988
796,9.02,0.45,17,0.32731569,0.32999383,0.32999955,0.32999959,0.32999963
797,8.42,0.49,14,0.3247864,0.3299814,0.32999921,0.3299993,0.32999935
798,2.44,0.19,7,0.32811847,0.32999498,0.32999968,0.32999971,0.32999974
799,8.82,0.17,6,0.21974137,0.31955756,0.32976609,0.32999729,0.33000001
800,9.15,0.31,9,0.28737508,0.32918726,0.32999206,0.3299979,0.32999804
801,7.77,0.25,15,0.32709231,0.32999265,0.32999945,0.3299995,0.32999954
802,4.19,0.11,11,0.32844341,0.32999661,0.32999948,0.32999953,0.32999958
803,3.48,0.43,19,0.32990854,0.3299999,0.32999994,0.32999995,0.32999995
804,6.97,0.31,18,0.32911687,0.32999875,0.32999976,0.32999978,0.3299998
805,1.97,0.17,19,0.32997643,0.32999997,0.32999998,0.32999998,0.32999998
806,3.32,0.36,8,0.32716896,0.32999117,0.32999939,0.32999946,0.32999951
807,6.21,0.21,11,0.32445822,0.32997777,0.32999901,0.32999913,0.3299992
808,3.27,0.23,20,0.32993675,0.32999993,0.32999996,0.32999996,0.32999997
809,6.48,0.19,5,0.23467242,0.32375776,0.32988161,0.33000262,0.33000394
810,6.61,0.16,17,0.32903621,0.32999854,0.32999973,0.32999975,0.32999978
811,5.84,0.17,11,0.32546218,0.32998372,0.32999911,0.32999921,0.32999927
812,3.58,0.32,17,0.32984655,0.32999981,0.3299999,0.32999992,0.32999992
813,3,0.42,5,0.31785374,0.32989929,0.3300014,0.3300017,0.33000157
814,1.43,0.35,9,0.32983122,0.32999974,0.32999987,0.32999989,0.3299999
815,2.67,0.26,13,0.32979584,0.32999971,0.32999985,0.32999987,0.32999988
816,7.37,0.17,19,0.32917563,0.32999888,0.32999979,0.32999981,0.32999982
817,1.71,0.27,11,0.32987896,0.32999982,0.32999989,0.3299999,0.32999991
818,7.32,0.5,19,0.32919377,0.32999892,0.32999979,0.32999981,0.32999983
819,9.35,0.26,6,0.21289621,0.31580618,0.32963164,0.32999512,0.32999998
820,6.8,0.1,8,0.3027123,0.32964093,0.32999641,0.32999843,0.32999854
821,1.47,0.21,17,0.32998114,0.32999998,0.32999998,0.32999998,0.32999999
822,4.23,0.4,14,0.32943283,0.32999917,0.32999974,0.32999977,0.32999979
823,6.73,0.37,17,0.32897779,0.32999842,0.32999972,0.32999975,0.32999977
824,4.2,0.48,11,0.32843137,0.32999658,0.32999948,0.32999953,0.32999958
825,5.99,0.11,16,0.32907072,0.32999857,0.32999971,0.32999974,0.32999976
826,8.18,0.26,17,0.32806338,0.32999619,0.32999961,0.32999965,0.32999968
827,9.79,0.44,12,0.31305993,0.32986172,0.32999809,0.32999867,0.32999875
828,2.45,0.11,17,0.32994193,0.32999992,0.32999995,0.32999996,0.32999996
829,7.24,0.4,19,0.32922216,0.32999897,0.32999979,0.32999981,0.32999983
830,2.69,0.26,16,0.32990848,0.32999989,0.32999993,0.32999994,0.32999994
831,5.83,0.34,5,0.25191743,0.32646198,0.32994927,0.33000324,0.3300036
832,2.7,0.12,20,0.32996057,0.32999995,0.32999997,0.32999997,0.32999998
833,4.1,0.1,20,0.32988572,0.32999988,0.32999994,0.32999994,0.32999995
834,9.29,0.47,11,0.30940413,0.32980032,0.32999756,0.32999848,0.32999857
835,1.87,0.36,6,0.32846765,0.32999629,0.33000002,0.33000002,0.33000002
836,9.88,0.34,18,0.32719976,0.32999358,0.32999958,0.32999962,0.32999965
837,4.12,0.17,14,0.32947735,0.32999924,0.32999976,0.32999978,0.3299998
838,8.54,0.33,16,0.32704079,0.32999266,0.32999949,0.32999954,0.32999957
839,4.3,0.28,19,0.32983817,0.32999983,0.32999991,0.32999992,0.32999993
840,9.48,0.3,18,0.327564,0.32999479,0.3299996,0.32999964,0.32999967
841,6.99,0.37,10,0.31772283,0.32991606,0.32999838,0.32999873,0.32999882
842,1.56,0.42,9,0.32980135,0.3299997,0.32999986,0.32999987,0.32999989
843,1.96,0.11,20,0.3299805,0.32999998,0.32999998,0.32999999,0.32999999
844,5.66,0.37,13,0.32804099,0.32999564,0.32999948,0.32999953,0.32999957
845,3.49,0.48,20,0.32992485,0.32999992,0.32999995,0.32999996,0.32999996
846,6.9,0.41,20,0.32947073,0.32999939,0.32999984,0.32999986,0.32999987
847,3.18,0.16,5,0.31539362,0.32986147,0.33000132,0.33000185,0.33000171
848,1.62,0.1,13,0.3299431,0.32999991,0.32999994,0.32999995,0.32999995
849,4.75,0.33,20,0.32982738,0.32999982,0.32999992,0.32999993,0.32999993
850,7.01,0.23,6,0.25547015,0.32699657,0.32996094,0.32999976,0.33000004
851,2.46,0.37,20,0.32996792,0.32999996,0.32999997,0.32999998,0.32999998
852,3.41,0.22,10,0.32876455,0.32999743,0.32999954,0.32999958,0.32999963
853,3.2,0.31,15,0.32981144,0.32999976,0.32999988,0.32999989,0.3299999
854,8.79,0.27,19,0.32853279,0.32999757,0.32999971,0.32999974,0.32999976
855,6.61,0.43,5,0.23158325,0.32310721,0.32986376,0.3300024,0.33000399
856,6.14,0.2,12,0.32635593,0.32998875,0.32999924,0.32999932,0.32999938
857,6.45,0.34,16,0.32882307,0.32999804,0.32999967,0.3299997,0.32999973
858,6.73,0.36,15,0.3281915,0.32999634,0.32999956,0.32999961,0.32999964
859,6.11,0.5,11,0.32475038,0.32997962,0.32999904,0.32999915,0.32999922
860,4.02,0.17,14,0.32951551,0.32999931,0.32999977,0.32999979,0.32999981
861,1.61,0.1,20,0.32998731,0.32999998,0.32999999,0.32999999,0.32999999
862,7.78,0.22,12,0.32203143,0.32996126,0.32999886,0.32999903,0.3299991
863,2.15,0.36,17,0.32995818,0.32999995,0.32999996,0.32999997,0.32999997
864,8.81,0.11,15,0.3255716,0.32998599,0.32999932,0.3299994,0.32999944
865,4.48,0.11,15,0.32949716,0.32999931,0.32999978,0.3299998,0.32999982
866,5.63,0.2,5,0.25764362,0.32708199,0.32996227,0.33000328,0.33000348
867,4.29,0.49,5,0.29420674,0.32932141,0.32999732,0.33000271,0.33000257
868,8.62,0.42,8,0.27609564,0.32865131,0.32998608,0.32999789,0.32999805
869,1.17,0.24,5,0.32922952,0.32999898,0.33000042,0.33000038,0.33000034
870,5.56,0.48,8,0.31546602,0.32988156,0.32999828,0.32999881,0.32999889
871,9.57,0.46,11,0.30738768,0.32976434,0.32999729,0.32999842,0.32999851
872,4.95,0.11,20,0.3298052,0.3299998,0.32999991,0.32999992,0.32999993
873,8.93,0.48,6,0.21817735,0.31883944,0.32974179,0.32999691,0.33
874,8.05,0.18,5,0.20736059,0.31082213,0.32937675,0.32999219,0.33000431
875,3.52,0.35,13,0.32955316,0.32999934,0.32999976,0.32999979,0.32999981
876,2,0.28,13,0.32990553,0.32999986,0.32999991,0.32999992,0.32999993
877,3.39,0.22,12,0.32943449,0.3299991,0.32999972,0.32999974,0.32999977
878,2.21,0.43,14,0.32990709,0.32999987,0.32999992,0.32999993,0.32999994
879,3.41,0.42,19,0.32991344,0.3299999,0.32999994,0.32999995,0.32999996
880,7.93,0.3,9,0.30206912,0.32963578,0.32999621,0.32999823,0.32999835
881,3.91,0.25,11,0.32873954,0.32999745,0.32999954,0.32999959,0.32999963
882,2.82,0.2,15,0.32986568,0.32999982,0.3299999,0.32999991,0.32999992
883,8.69,0.29,17,0.32762976,0.32999487,0.32999957,0.32999961,0.32999965
884,5.32,0.47,11,0.32665148,0.32998977,0.32999924,0.32999932,0.32999937
885,3.84,0.46,20,0.3299038,0.3299999,0.32999994,0.32999995,0.32999995
886,6.21,0.35,16,0.32896041,0.32999834,0.32999969,0.32999972,0.32999975
887,7.63,0.22,15,0.3272654,0.3299933,0.32999947,0.32999952,0.32999956
888,5.63,0.43,13,0.32807504,0.32999574,0.32999948,0.32999953,0.32999957
889,2.28,0.23,10,0.32962276,0.32999939,0.32999977,0.32999979,0.32999982
890,1.13,0.25,18,0.32999099,0.32999999,0.32999999,0.32999999,0.32999999
891,5.38,0.29,5,0.26478488,0.32769982,0.32997374,0.33000326,0.33000333
892,6.04,0.12,8,0.3111216,0.32981425,0.32999778,0.32999866,0.32999875
893,9.44,0.3,15,0.32440937,0.32997973,0.32999925,0.32999933,0.32999938
894,6.41,0.41,18,0.32932391,0.32999911,0.32999979,0.32999981,0.32999983
895,4.85,0.49,15,0.32936109,0.32999907,0.32999975,0.32999977,0.32999979
896,4.71,0.48,9,0.32470687,0.32997795,0.32999903,0.32999915,0.32999922
897,1.88,0.33,20,0.32998224,0.32999998,0.32999998,0.32999999,0.32999999
898,3.64,0.25,6,0.31850797,0.32991282,0.32999972,0.33000004,0.33000004
899,1.16,0.21,12,0.32996441,0.32999994,0.32999996,0.32999996,0.32999997
900,8.1,0.17,12,0.32090438,0.32995192,0.32999877,0.32999897,0.32999905
901,7.19,0.5,6,0.25127471,0.32653974,0.32995219,0.32999967,0.33000004
902,3.45,0.39,13,0.32957362,0.32999937,0.32999977,0.32999979,0.32999982
903,4.79,0.25,16,0.32953687,0.32999939,0.3299998,0.32999982,0.32999984
904,7.43,0.45,17,0.32858801,0.32999757,0.32999967,0.3299997,0.32999973
905,3.58,0.38,20,0.32992049,0.32999991,0.32999995,0.32999996,0.32999996
906,9.44,0.26,5,0.19850953,0.2887794,0.32791633,0.32994531,0.33000312
907,7.94,0.19,10,0.3115191,0.32983072,0.32999773,0.32999849,0.32999859
908,2.78,0.14,10,0.32933398,0.32999883,0.32999967,0.32999971,0.32999974
909,2.63,0.3,17,0.32993181,0.32999992,0.32999995,0.32999995,0.32999996
910,7.88,0.28,17,0.32828707,0.3299968,0.32999964,0.32999967,0.3299997
911,2.02,0.18,15,0.32994325,0.32999992,0.32999995,0.32999995,0.32999996
912,9.74,0.24,19,0.32793073,0.32999602,0.32999966,0.32999969,0.32999972
913,4.66,0.14,5,0.28495042,0.32894766,0.32999308,0.33000295,0.33000284
914,7.26,0.28,20,0.32937908,0.32999925,0.32999983,0.32999985,0.32999986
915,1.47,0.41,9,0.32981788,0.32999972,0.32999987,0.32999988,0.32999989
916,2.4,0.29,14,0.32988398,0.32999984,0.32999991,0.32999992,0.32999993
917,9.36,0.14,17,0.32695436,0.32999253,0.32999952,0.32999957,0.3299996
918,4.34,0.2,17,0.32973383,0.32999969,0.32999987,0.32999988,0.32999989
919,9.02,0.2,20,0.32874332,0.3299981,0.32999975,0.32999978,0.3299998
920,8.21,0.36,19,0.32882982,0.32999823,0.32999974,0.32999977,0.32999979
921,3.32,0.27,10,0.32886496,0.3299977,0.32999956,0.3299996,0.32999964
922,4.56,0.33,16,0.32960209,0.32999949,0.32999982,0.32999984,0.32999985
923,6.65,0.24,11,0.32306464,0.32996824,0.32999889,0.32999904,0.32999911
924,2.41,0.17,14,0.32988266,0.32999984,0.3299999,0.32999992,0.32999992
925,6.95,0.3,10,0.31795213,0.3299187,0.3299984,0.32999874,0.32999883
926,9.01,0.3,11,0.31133793,0.32983254,0.3299978,0.32999853,0.32999863
927,8.9,0.41,17,0.32742936,0.3299942,0.32999956,0.3299996,0.32999963
928,9.85,0.38,20,0.32831045,0.32999711,0.32999972,0.32999974,0.32999976
929,2.24,0.21,16,0.32994197,0.32999992,0.32999995,0.32999995,0.32999996
930,9.72,0.21,10,0.29545365,0.32947212,0.32999482,0.32999806,0.32999818
931,1.24,0.3,6,0.32951459,0.32999934,0.33000001,0.33000001,0.33000001
932,6.23,0.5,15,0.32859317,0.32999742,0.32999961,0.32999965,0.32999968
933,9.36,0.33,19,0.32818933,0.32999672,0.32999968,0.32999971,0.32999974
934,2.57,0.18,15,0.32989586,0.32999986,0.32999992,0.32999993,0.32999993
935,8.44,0.39,8,0.27901286,0.32879711,0.32998782,0.32999795,0.3299981
936,3.94,0.19,9,0.32699383,0.32999066,0.32999928,0.32999936,0.32999942
937,9.37,0.38,5,0.19874561,0.29014585,0.32803087,0.32994952,0.33000326
938,7.47,0.33,10,0.31479255,0.32987923,0.32999809,0.32999861,0.3299987
939,3.97,0.44,13,0.32935257,0.32999898,0.32999971,0.32999974,0.32999976
940,7.62,0.23,12,0.32256763,0.32996545,0.32999891,0.32999906,0.32999913
941,6.98,0.24,19,0.3293067,0.32999911,0.3299998,0.32999982,0.32999984
942,1.45,0.25,7,0.32955914,0.32999931,0.32999987,0.32999988,0.32999989
943,2.35,0.33,8,0.3290044,0.32999797,0.32999966,0.3299997,0.32999973
944,9.22,0.36,20,0.32864693,0.32999789,0.32999974,0.32999977,0.32999979
945,9.44,0.24,14,0.32235341,0.32996554,0.32999904,0.32999917,0.32999923
946,7.66,0.28,7,0.26987292,0.32824023,0.32998088,0.32999842,0.32999859
947,8.65,0.45,10,0.30581878,0.32972758,0.32999695,0.32999832,0.32999842
948,1.62,0.43,10,0.32985089,0.32999977,0.32999987,0.32999989,0.3299999
949,7.21,0.32,15,0.32773208,0.32999492,0.32999951,0.32999956,0.3299996
950,8.49,0.19,19,0.32869099,0.32999793,0.32999973,0.32999975,0.32999978
951,1.09,0.29,11,0.32995876,0.32999993,0.32999995,0.32999996,0.32999996
952,1.14,0.29,18,0.32999084,0.32999998,0.32999999,0.32999999,0.32999999
953,2.39,0.41,11,0.3297031,0.32999954,0.3299998,0.32999982,0.32999984
954,3.81,0.16,11,0.32883963,0.32999772,0.32999956,0.3299996,0.32999964
955,7.79,0.37,15,0.32706694,0.32999256,0.32999945,0.3299995,0.32999954
956,4.54,0.26,10,0.32698944,0.32999102,0.32999926,0.32999934,0.3299994
957,3.13,0.29,11,0.32936419,0.32999893,0.32999968,0.32999972,0.32999975
958,8.12,0.19,8,0.28416893,0.32903591,0.32999056,0.32999804,0.32999818
959,7.09,0.24,5,0.22139183,0.3200232,0.32976485,0.33000082,0.33000418
960,7.03,0.35,13,0.32601609,0.32998749,0.32999925,0.32999933,0.32999939
961,1.87,0.25,16,0.32996167,0.32999995,0.32999996,0.32999997,0.32999997
962,4.54,0.31,12,0.32862638,0.32999725,0.32999953,0.32999958,0.32999962
963,6.1,0.45,20,0.32963954,0.32999961,0.32999987,0.32999988,0.3299999
964,6.03,0.28,11,0.32497613,0.32998099,0.32999906,0.32999917,0.32999924
965,7.74,0.29,18,0.32876129,0.32999802,0.32999971,0.32999974,0.32999976
966,6.79,0.14,5,0.22751503,0.32203117,0.32983078,0.33000191,0.33000407
967,5.12,0.3,6,0.29737262,0.32946217,0.32999638,0.33000003,0.33000005
968,9.08,0.41,13,0.32066284,0.32995103,0.32999884,0.32999903,0.3299991
969,3,0.37,6,0.32375166,0.32996792,0.32999995,0.33000003,0.33000003
970,1.72,0.44,11,0.32987703,0.32999981,0.32999989,0.3299999,0.32999991
971,9.86,0.28,12,0.31266113,0.32985593,0.32999805,0.32999866,0.32999874
972,4.52,0.24,10,0.32703277,0.32999122,0.32999927,0.32999934,0.3299994
973,3.66,0.1,11,0.32897864,0.32999807,0.32999959,0.32999963,0.32999967
974,1.01,0.38,6,0.32972909,0.32999973,0.33000001,0.33000001,0.33000001
975,6.34,0.4,8,0.30799148,0.32975586,0.32999733,0.32999857,0.32999867
976,8.63,0.21,15,0.32587196,0.32998745,0.32999935,0.32999942,0.32999946
977,6.6,0.12,20,0.32954049,0.32999948,0.32999985,0.32999987,0.32999988
978,6.18,0.43,18,0.32939858,0.32999923,0.3299998,0.32999982,0.32999984
979,8.15,0.2,13,0.32348208,0.32997278,0.32999905,0.32999917,0.32999923
980,5.45,0.39,10,0.32453395,0.3299775,0.329999,0.32999912,0.32999919
981,8.64,0.16,19,0.32861537,0.32999776,0.32999972,0.32999975,0.32999977
982,1.55,0.22,17,0.32997996,0.32999997,0.32999998,0.32999998,0.32999998
983,8.02,0.1,15,0.32677298,0.32999141,0.32999942,0.32999948,0.32999952
984,6.08,0.19,17,0.32926173,0.32999897,0.32999976,0.32999979,0.32999981
985,4.51,0.32,15,0.32949108,0.3299993,0.32999977,0.3299998,0.32999982
986,7.91,0.34,9,0.30228597,0.32964103,0.32999626,0.32999824,0.32999835
987,2.86,0.21,8,0.32820946,0.32999545,0.32999952,0.32999957,0.32999962
988,4.85,0.2,18,0.32971173,0.32999967,0.32999987,0.32999988,0.32999989
989,2.38,0.21,14,0.3298866,0.32999984,0.32999991,0.32999992,0.32999993
990,9.77,0.2,11,0.30585309,0.32973441,0.32999707,0.32999838,0.32999847
991,9.51,0.21,16,0.32574782,0.32998718,0.32999939,0.32999945,0.3299995
992,4.52,0.26,20,0.32985047,0.32999985,0.32999992,0.32999993,0.32999994
993,7.66,0.34,14,0.32620426,0.32998869,0.32999932,0.32999939,0.32999944
994,2.86,0.4,6,0.32453978,0.32997371,0.32999996,0.33000003,0.33000003
995,9.39,0.16,20,0.32856074,0.3299977,0.32999974,0.32999976,0.32999978
996,2.7,0.11,12,0.32970892,0.32999957,0.32999981,0.32999983,0.32999985
997,8.4,0.26,6,0.22643813,0.32194152,0.32983958,0.32999833,0.33000002
998,9.31,0.42,18,0.32770989,0.32999525,0.32999961,0.32999965,0.32999968
999,8.65,0.5,18,0.32821165,0.32999669,0.32999966,0.32999969,0.32999972
